Date,Adj Close,Close,High,Low,Open,Volume
07/11/2019,3216.63,4070.0,4150.0,3990.0,4150.0,125.291.200
08/11/2019,3248.24,4110.0,4120.0,3990.0,4010.0,70.404.800
11/11/2019,3240.34,4100.0,4120.0,4040.0,4040.0,57.079.800
12/11/2019,3303.57,4180.0,4190.0,4050.0,4050.0,88.251.100
13/11/2019,3279.86,4150.0,4170.0,4100.0,4130.0,91.925.700
14/11/2019,3200.82,4050.0,4130.0,4010.0,4110.0,123.468.500
15/11/2019,3224.53,4080.0,4090.0,4030.0,4080.0,50.780.500
18/11/2019,3161.31,4000.0,4060.0,3990.0,4040.0,104.978.700
19/11/2019,3177.11,4020.0,4020.0,3970.0,4000.0,113.996.600
20/11/2019,3232.44,4090.0,4090.0,4000.0,4000.0,149.185.500
21/11/2019,3177.11,4020.0,4090.0,4020.0,4050.0,64.005.900
22/11/2019,3200.82,4050.0,4050.0,4000.0,4030.0,76.569.400
25/11/2019,3121.79,3950.0,4070.0,3940.0,4070.0,107.581.200
26/11/2019,3050.66,3860.0,3960.0,3860.0,3950.0,281.002.600
27/11/2019,3066.47,3880.0,3930.0,3800.0,3870.0,97.511.300
28/11/2019,3019.05,3820.0,3900.0,3800.0,3830.0,70.635.000
29/11/2019,3105.98,3930.0,3950.0,3840.0,3860.0,72.146.900
02/12/2019,3121.79,3950.0,3960.0,3930.0,3960.0,74.263.500
03/12/2019,3098.08,3920.0,3940.0,3910.0,3920.0,74.494.000
04/12/2019,3153.4,3990.0,3990.0,3900.0,3920.0,64.948.300
05/12/2019,3208.73,4060.0,4080.0,3990.0,3990.0,118.494.800
06/12/2019,3240.34,4100.0,4100.0,4020.0,4040.0,50.682.100
09/12/2019,3216.63,4070.0,4110.0,4050.0,4080.0,80.864.200
10/12/2019,3192.92,4040.0,4070.0,4010.0,4050.0,54.824.900
11/12/2019,3200.82,4050.0,4050.0,4000.0,4010.0,79.749.500
12/12/2019,3121.79,3950.0,4050.0,3950.0,4040.0,147.627.000
13/12/2019,3153.4,3990.0,4020.0,3960.0,4000.0,81.937.300
16/12/2019,3137.6,3970.0,4020.0,3960.0,3970.0,86.479.200
17/12/2019,3145.5,3980.0,3990.0,3950.0,3970.0,91.747.200
18/12/2019,3153.4,3990.0,4000.0,3950.0,3960.0,101.569.300
19/12/2019,3082.27,3900.0,3980.0,3900.0,3970.0,127.316.000
20/12/2019,3177.11,4020.0,4020.0,3900.0,3900.0,152.132.200
23/12/2019,3177.11,4020.0,4030.0,3980.0,4020.0,58.715.700
26/12/2019,3161.31,4000.0,4020.0,3980.0,4020.0,36.935.300
27/12/2019,3153.4,3990.0,4010.0,3980.0,3990.0,52.812.000
30/12/2019,3137.6,3970.0,4030.0,3970.0,3980.0,67.738.300
02/01/2020,3090.18,3910.0,4000.0,3900.0,3970.0,52.094.000
03/01/2020,3145.5,3980.0,3980.0,3930.0,3960.0,70.032.900
06/01/2020,3129.69,3960.0,3970.0,3930.0,3930.0,42.908.900
07/01/2020,3113.89,3940.0,3970.0,3920.0,3930.0,51.837.600
08/01/2020,3082.27,3900.0,3950.0,3900.0,3920.0,52.402.600
09/01/2020,3129.69,3960.0,3970.0,3920.0,3920.0,37.580.300
10/01/2020,3145.5,3980.0,3990.0,3950.0,3980.0,48.099.000
13/01/2020,3185.02,4030.0,4030.0,3990.0,4000.0,61.913.800
14/01/2020,3121.79,3950.0,4000.0,3940.0,3980.0,95.058.600
15/01/2020,3066.47,3880.0,3960.0,3870.0,3960.0,147.583.300
16/01/2020,3042.76,3850.0,3890.0,3830.0,3890.0,118.903.100
17/01/2020,3011.15,3810.0,3870.0,3800.0,3860.0,119.904.100
20/01/2020,3011.15,3810.0,3840.0,3800.0,3820.0,73.599.200
21/01/2020,3074.37,3890.0,3900.0,3810.0,3810.0,78.014.400
22/01/2020,3050.66,3860.0,3890.0,3850.0,3890.0,45.839.800
23/01/2020,3066.47,3880.0,3880.0,3830.0,3860.0,41.077.400
24/01/2020,3098.08,3920.0,3930.0,3860.0,3880.0,58.524.000
27/01/2020,3034.86,3840.0,3920.0,3830.0,3920.0,33.081.800
28/01/2020,3026.95,3830.0,3840.0,3800.0,3810.0,56.210.000
29/01/2020,3082.27,3900.0,3900.0,3840.0,3840.0,51.929.800
30/01/2020,3050.66,3860.0,3910.0,3850.0,3910.0,60.391.600
31/01/2020,3003.24,3800.0,3890.0,3780.0,3890.0,120.447.900
03/02/2020,2955.82,3740.0,3820.0,3730.0,3800.0,68.360.600
04/02/2020,2971.63,3760.0,3810.0,3730.0,3810.0,77.259.600
05/02/2020,2979.53,3770.0,3780.0,3720.0,3760.0,68.150.800
06/02/2020,2971.63,3760.0,3800.0,3750.0,3800.0,56.261.500
07/02/2020,2995.34,3790.0,3820.0,3760.0,3780.0,53.578.900
10/02/2020,3011.15,3810.0,3850.0,3780.0,3800.0,86.588.500
11/02/2020,2995.34,3790.0,3830.0,3780.0,3810.0,50.248.200
12/02/2020,3019.05,3820.0,3850.0,3780.0,3800.0,73.840.300
13/02/2020,2947.92,3730.0,3830.0,3710.0,3820.0,66.699.800
14/02/2020,2876.79,3640.0,3730.0,3640.0,3680.0,108.793.300
17/02/2020,2853.08,3610.0,3660.0,3590.0,3630.0,94.887.800
18/02/2020,2860.98,3620.0,3660.0,3590.0,3590.0,94.382.900
19/02/2020,2860.98,3620.0,3640.0,3590.0,3620.0,63.717.800
20/02/2020,2868.89,3630.0,3650.0,3600.0,3620.0,53.035.400
21/02/2020,2916.31,3690.0,3710.0,3640.0,3650.0,86.862.600
24/02/2020,2876.79,3640.0,3720.0,3630.0,3670.0,72.610.600
25/02/2020,2837.27,3590.0,3670.0,3590.0,3600.0,73.990.700
26/02/2020,2774.05,3510.0,3550.0,3450.0,3530.0,133.449.900
27/02/2020,2742.43,3470.0,3550.0,3420.0,3510.0,88.389.400
28/02/2020,2758.24,3490.0,3490.0,3340.0,3390.0,151.751.800
02/03/2020,2718.72,3440.0,3550.0,3440.0,3470.0,96.802.900
03/03/2020,2860.98,3620.0,3660.0,3470.0,3510.0,114.698.200
04/03/2020,3026.95,3830.0,3840.0,3630.0,3640.0,136.081.000
05/03/2020,3026.95,3830.0,3880.0,3760.0,3820.0,101.235.000
06/03/2020,2963.73,3750.0,3790.0,3710.0,3730.0,86.476.000
09/03/2020,2766.14,3500.0,3620.0,3500.0,3560.0,109.347.300
10/03/2020,2758.24,3490.0,3620.0,3480.0,3480.0,119.718.000
11/03/2020,2687.11,3400.0,3480.0,3370.0,3470.0,115.486.900
12/03/2020,2615.98,3310.0,3440.0,3270.0,3300.0,84.363.800
13/03/2020,2615.98,3310.0,3310.0,3310.0,3310.0,0
16/03/2020,2497.43,3160.0,3300.0,3160.0,3300.0,115.972.300
17/03/2020,2323.56,2940.0,3160.0,2940.0,3160.0,150.122.700
18/03/2020,2220.82,2810.0,3080.0,2740.0,3010.0,150.147.300
19/03/2020,2070.66,2620.0,2810.0,2620.0,2810.0,138.987.300
20/03/2020,2276.14,2880.0,2990.0,2450.0,2660.0,267.694.700
23/03/2020,2118.08,2680.0,2880.0,2680.0,2880.0,86.157.200
24/03/2020,2070.66,2620.0,2880.0,2570.0,2700.0,243.778.900
26/03/2020,2355.17,2980.0,3080.0,2550.0,2550.0,267.369.500
27/03/2020,2442.11,3090.0,3270.0,3050.0,3050.0,200.952.500
30/03/2020,2481.63,3140.0,3180.0,2880.0,3060.0,134.474.300
31/03/2020,2497.43,3160.0,3300.0,3120.0,3180.0,151.302.900
01/04/2020,2450.01,3100.0,3200.0,3040.0,3180.0,104.550.600
02/04/2020,2473.72,3130.0,3130.0,3020.0,3100.0,92.893.600
03/04/2020,2529.05,3200.0,3220.0,3120.0,3150.0,83.469.200
06/04/2020,2631.79,3330.0,3330.0,3180.0,3280.0,115.495.000
07/04/2020,2544.85,3220.0,3500.0,3200.0,3390.0,166.425.600
08/04/2020,2457.92,3110.0,3220.0,3050.0,3220.0,124.553.900
09/04/2020,2465.82,3120.0,3180.0,3030.0,3110.0,122.622.400
13/04/2020,2513.24,3180.0,3230.0,3130.0,3140.0,45.469.500
14/04/2020,2560.66,3240.0,3250.0,3160.0,3200.0,79.114.600
15/04/2020,2457.92,3110.0,3300.0,3090.0,3250.0,69.832.000
16/04/2020,2370.98,3000.0,3110.0,3000.0,3110.0,109.582.500
17/04/2020,2552.76,3230.0,3250.0,3050.0,3050.0,127.860.400
20/04/2020,2465.82,3120.0,3270.0,3120.0,3270.0,77.306.900
21/04/2020,2426.3,3070.0,3130.0,3050.0,3120.0,43.239.400
22/04/2020,2497.43,3160.0,3270.0,3030.0,3050.0,126.278.300
23/04/2020,2426.3,3070.0,3240.0,3070.0,3200.0,117.391.500
24/04/2020,2442.11,3090.0,3160.0,3080.0,3100.0,84.061.400
27/04/2020,2489.53,3150.0,3200.0,3100.0,3120.0,85.475.400
28/04/2020,2497.43,3160.0,3200.0,3140.0,3170.0,80.212.700
29/04/2020,2647.59,3350.0,3390.0,3100.0,3200.0,154.902.100
30/04/2020,2766.14,3500.0,3540.0,3350.0,3400.0,163.170.100
04/05/2020,2623.89,3320.0,3400.0,3260.0,3400.0,108.988.600
05/05/2020,2623.89,3320.0,3390.0,3320.0,3320.0,74.036.700
06/05/2020,2560.66,3240.0,3340.0,3220.0,3300.0,86.395.000
08/05/2020,2521.14,3190.0,3290.0,3150.0,3270.0,143.584.400
11/05/2020,2544.85,3220.0,3250.0,3210.0,3220.0,58.473.100
12/05/2020,2489.53,3150.0,3270.0,3100.0,3270.0,138.978.700
13/05/2020,2497.43,3160.0,3170.0,3080.0,3150.0,73.238.700
14/05/2020,2426.3,3070.0,3140.0,3060.0,3110.0,101.581.300
15/05/2020,2450.01,3100.0,3130.0,3020.0,3100.0,114.753.900
18/05/2020,2544.85,3220.0,3220.0,3100.0,3100.0,108.828.800
19/05/2020,2584.37,3270.0,3330.0,3250.0,3250.0,97.387.100
20/05/2020,2513.24,3180.0,3260.0,3180.0,3200.0,76.086.600
26/05/2020,2568.56,3250.0,3280.0,3130.0,3150.0,105.792.900
27/05/2020,2505.34,3170.0,3270.0,3150.0,3250.0,128.693.900
28/05/2020,2473.72,3130.0,3210.0,3130.0,3180.0,177.385.100
29/05/2020,2489.53,3150.0,3150.0,3080.0,3100.0,276.092.100
02/06/2020,2568.56,3250.0,3270.0,3120.0,3160.0,174.790.600
03/06/2020,2600.18,3290.0,3320.0,3230.0,3280.0,216.200.900
04/06/2020,2608.08,3300.0,3390.0,3250.0,3320.0,167.708.600
05/06/2020,2552.76,3230.0,3360.0,3200.0,3360.0,188.420.700
08/06/2020,2552.76,3230.0,3290.0,3220.0,3250.0,221.641.600
09/06/2020,2481.63,3140.0,3270.0,3140.0,3250.0,171.214.500
10/06/2020,2457.92,3110.0,3190.0,3100.0,3150.0,263.483.700
11/06/2020,2434.21,3080.0,3150.0,3060.0,3120.0,175.767.800
12/06/2020,2394.69,3030.0,3080.0,2970.0,3080.0,260.087.300
15/06/2020,2442.11,3090.0,3150.0,3030.0,3060.0,241.625.700
16/06/2020,2529.05,3200.0,3220.0,3130.0,3150.0,194.424.800
17/06/2020,2536.95,3210.0,3230.0,3140.0,3210.0,177.784.900
18/06/2020,2592.27,3280.0,3350.0,3180.0,3210.0,235.586.600
19/06/2020,2592.27,3280.0,3340.0,3250.0,3300.0,227.358.800
22/06/2020,2529.05,3200.0,3300.0,3180.0,3290.0,159.776.500
23/06/2020,2473.72,3130.0,3200.0,3120.0,3200.0,167.271.000
24/06/2020,2513.24,3180.0,3230.0,3140.0,3150.0,170.895.600
25/06/2020,2497.43,3160.0,3220.0,3140.0,3160.0,100.882.600
26/06/2020,2521.14,3190.0,3220.0,3180.0,3190.0,100.784.500
29/06/2020,2513.24,3180.0,3250.0,3160.0,3200.0,156.613.200
30/06/2020,2533.23,3050.0,3100.0,3050.0,3090.0,258.068.400
01/07/2020,2524.92,3040.0,3100.0,3010.0,3070.0,148.037.400
02/07/2020,2607.98,3140.0,3140.0,3040.0,3040.0,178.357.900
03/07/2020,2591.37,3120.0,3180.0,3110.0,3150.0,102.033.100
06/07/2020,2533.23,3050.0,3150.0,3040.0,3130.0,248.572.600
07/07/2020,2591.37,3120.0,3120.0,3050.0,3060.0,169.104.200
08/07/2020,2616.29,3150.0,3160.0,3110.0,3130.0,158.166.300
09/07/2020,2583.06,3110.0,3190.0,3110.0,3170.0,125.940.800
10/07/2020,2583.06,3110.0,3130.0,3100.0,3110.0,95.422.400
13/07/2020,2566.45,3090.0,3130.0,3080.0,3120.0,77.733.900
14/07/2020,2558.15,3080.0,3110.0,3070.0,3100.0,111.442.600
15/07/2020,2566.45,3090.0,3130.0,3080.0,3120.0,102.304.100
16/07/2020,2574.76,3100.0,3110.0,3080.0,3090.0,91.951.000
17/07/2020,2541.54,3060.0,3110.0,3060.0,3100.0,112.416.300
20/07/2020,2541.54,3060.0,3080.0,3040.0,3080.0,64.735.500
21/07/2020,2541.54,3060.0,3110.0,3050.0,3050.0,101.283.800
22/07/2020,2549.84,3070.0,3090.0,3060.0,3070.0,69.462.100
23/07/2020,2549.84,3070.0,3090.0,3060.0,3070.0,70.482.100
24/07/2020,2508.31,3020.0,3080.0,3020.0,3080.0,137.265.100
27/07/2020,2524.92,3040.0,3050.0,3020.0,3020.0,58.708.800
28/07/2020,2508.31,3020.0,3050.0,3010.0,3050.0,102.705.300
29/07/2020,2491.7,3000.0,3050.0,3000.0,3030.0,114.352.000
30/07/2020,2533.23,3050.0,3050.0,3000.0,3040.0,95.785.000
03/08/2020,2425.26,2920.0,3060.0,2850.0,3060.0,255.659.800
04/08/2020,2450.17,2950.0,2970.0,2920.0,2970.0,96.018.000
05/08/2020,2508.31,3020.0,3040.0,2920.0,2960.0,120.719.100
06/08/2020,2508.31,3020.0,3050.0,3000.0,3050.0,71.699.000
07/08/2020,2475.09,2980.0,3030.0,2970.0,3020.0,78.347.200
10/08/2020,2466.78,2970.0,3020.0,2970.0,3000.0,65.485.400
11/08/2020,2433.56,2930.0,3000.0,2930.0,2980.0,175.693.000
12/08/2020,2450.17,2950.0,2960.0,2920.0,2930.0,110.934.800
13/08/2020,2500.01,3010.0,3020.0,2950.0,2950.0,160.906.600
14/08/2020,2516.62,3030.0,3040.0,3000.0,3020.0,93.007.500
18/08/2020,2533.23,3050.0,3060.0,3000.0,3030.0,139.358.500
19/08/2020,2491.7,3000.0,3050.0,3000.0,3050.0,103.980.600
24/08/2020,2491.7,3000.0,3020.0,2990.0,3010.0,76.713.900
25/08/2020,2475.09,2980.0,3010.0,2980.0,3010.0,100.013.600
26/08/2020,2508.31,3020.0,3050.0,2980.0,2980.0,122.465.300
27/08/2020,2483.4,2990.0,3040.0,2970.0,3020.0,102.787.800
28/08/2020,2458.48,2960.0,2990.0,2940.0,2990.0,160.569.500
31/08/2020,2375.42,2860.0,2980.0,2860.0,2960.0,204.261.100
01/09/2020,2408.64,2900.0,2910.0,2860.0,2900.0,90.565.400
02/09/2020,2450.17,2950.0,2970.0,2900.0,2900.0,107.589.800
03/09/2020,2408.64,2900.0,2960.0,2880.0,2950.0,123.106.100
04/09/2020,2375.42,2860.0,2890.0,2840.0,2850.0,143.569.100
07/09/2020,2408.64,2900.0,2910.0,2870.0,2870.0,62.206.600
08/09/2020,2375.42,2860.0,2900.0,2860.0,2890.0,80.068.200
09/09/2020,2325.59,2800.0,2860.0,2800.0,2850.0,108.397.400
10/09/2020,2242.53,2700.0,2800.0,2620.0,2800.0,287.496.300
11/09/2020,2333.89,2810.0,2840.0,2650.0,2670.0,197.756.800
14/09/2020,2400.34,2890.0,2890.0,2820.0,2830.0,127.562.700
15/09/2020,2350.5,2830.0,2900.0,2810.0,2890.0,106.215.900
16/09/2020,2317.28,2790.0,2830.0,2770.0,2810.0,68.113.400
17/09/2020,2342.2,2820.0,2850.0,2780.0,2810.0,97.257.400
18/09/2020,2400.34,2890.0,2890.0,2840.0,2850.0,162.116.700
21/09/2020,2333.89,2810.0,2910.0,2800.0,2890.0,100.305.100
22/09/2020,2308.98,2780.0,2810.0,2750.0,2790.0,75.891.600
23/09/2020,2325.59,2800.0,2810.0,2740.0,2770.0,85.953.300
24/09/2020,2267.45,2730.0,2760.0,2710.0,2750.0,74.516.800
25/09/2020,2234.23,2690.0,2740.0,2670.0,2720.0,180.968.900
28/09/2020,2209.31,2660.0,2730.0,2660.0,2710.0,89.256.700
29/09/2020,2184.39,2630.0,2690.0,2630.0,2690.0,155.853.900
30/09/2020,2126.25,2560.0,2650.0,2540.0,2630.0,235.611.600
01/10/2020,2284.06,2750.0,2760.0,2600.0,2600.0,225.006.000
02/10/2020,2225.92,2680.0,2750.0,2650.0,2750.0,140.161.900
05/10/2020,2201.0,2650.0,2710.0,2640.0,2690.0,124.720.200
06/10/2020,2201.0,2650.0,2700.0,2620.0,2680.0,148.977.400
07/10/2020,2209.31,2660.0,2670.0,2620.0,2650.0,110.186.000
08/10/2020,2242.53,2700.0,2720.0,2650.0,2670.0,154.587.800
09/10/2020,2267.45,2730.0,2750.0,2700.0,2710.0,109.122.300
12/10/2020,2267.45,2730.0,2760.0,2710.0,2750.0,77.479.100
13/10/2020,2267.45,2730.0,2740.0,2680.0,2730.0,97.205.500
14/10/2020,2333.89,2810.0,2830.0,2710.0,2730.0,183.236.500
15/10/2020,2308.98,2780.0,2850.0,2760.0,2800.0,138.462.900
16/10/2020,2284.06,2750.0,2780.0,2720.0,2780.0,135.175.000
19/10/2020,2250.84,2710.0,2810.0,2710.0,2800.0,187.840.500
20/10/2020,2217.61,2670.0,2740.0,2670.0,2710.0,168.211.100
21/10/2020,2225.92,2680.0,2710.0,2670.0,2680.0,142.146.300
22/10/2020,2242.53,2700.0,2720.0,2650.0,2670.0,257.179.400
23/10/2020,2184.39,2630.0,2720.0,2630.0,2710.0,166.356.000
26/10/2020,2201.0,2650.0,2680.0,2630.0,2630.0,97.523.200
27/10/2020,2176.09,2620.0,2690.0,2620.0,2640.0,146.366.600
02/11/2020,2126.25,2560.0,2620.0,2550.0,2590.0,391.510.600
03/11/2020,2142.86,2580.0,2590.0,2540.0,2570.0,188.874.000
04/11/2020,2142.86,2580.0,2640.0,2580.0,2600.0,150.678.200
05/11/2020,2300.67,2770.0,2810.0,2620.0,2630.0,369.260.400
06/11/2020,2350.5,2830.0,2840.0,2750.0,2800.0,243.865.800
09/11/2020,2392.03,2880.0,2900.0,2840.0,2860.0,208.192.700
10/11/2020,2375.42,2860.0,2950.0,2860.0,2950.0,195.337.300
11/11/2020,2558.15,3080.0,3100.0,2880.0,2900.0,480.530.200
12/11/2020,2524.92,3040.0,3080.0,3010.0,3080.0,169.609.900
13/11/2020,2483.4,2990.0,3010.0,2950.0,3010.0,186.708.800
16/11/2020,2549.84,3070.0,3100.0,3020.0,3040.0,206.145.500
17/11/2020,2674.43,3220.0,3270.0,3100.0,3100.0,527.501.800
18/11/2020,2641.2,3180.0,3250.0,3160.0,3200.0,239.122.600
19/11/2020,2632.9,3170.0,3220.0,3140.0,3150.0,185.558.800
20/11/2020,2674.43,3220.0,3270.0,3180.0,3190.0,211.892.500
23/11/2020,2757.48,3320.0,3340.0,3220.0,3230.0,260.752.200
24/11/2020,2782.4,3350.0,3380.0,3330.0,3350.0,207.503.900
25/11/2020,2724.26,3280.0,3390.0,3280.0,3370.0,253.156.200
26/11/2020,2882.07,3470.0,3480.0,3280.0,3280.0,374.185.400
27/11/2020,2873.76,3460.0,3500.0,3420.0,3480.0,163.651.600
30/11/2020,2682.73,3230.0,3470.0,3220.0,3460.0,624.142.600
01/12/2020,2691.04,3240.0,3320.0,3160.0,3230.0,277.929.200
02/12/2020,2765.79,3330.0,3330.0,3240.0,3270.0,187.276.600
03/12/2020,2740.87,3300.0,3360.0,3280.0,3330.0,121.434.200
04/12/2020,2699.34,3250.0,3280.0,3210.0,3270.0,170.418.900
07/12/2020,2765.79,3330.0,3330.0,3260.0,3280.0,175.436.900
08/12/2020,2740.87,3300.0,3350.0,3290.0,3350.0,113.775.100
10/12/2020,2707.65,3260.0,3290.0,3250.0,3270.0,229.380.200
11/12/2020,2724.26,3280.0,3330.0,3250.0,3270.0,154.365.400
14/12/2020,2757.48,3320.0,3340.0,3250.0,3300.0,281.474.900
15/12/2020,2865.46,3450.0,3490.0,3290.0,3320.0,410.175.700
16/12/2020,2998.35,3610.0,3640.0,3500.0,3500.0,455.088.400
17/12/2020,2940.21,3540.0,3620.0,3520.0,3610.0,249.797.800
18/12/2020,2915.29,3510.0,3540.0,3500.0,3500.0,187.856.600
21/12/2020,2923.6,3520.0,3610.0,3510.0,3530.0,267.970.200
22/12/2020,2790.71,3360.0,3540.0,3340.0,3500.0,311.860.000
23/12/2020,2757.48,3320.0,3420.0,3240.0,3350.0,240.067.600
28/12/2020,2848.85,3430.0,3460.0,3280.0,3370.0,178.138.100
29/12/2020,2840.54,3420.0,3530.0,3400.0,3500.0,184.525.500
30/12/2020,2749.18,3310.0,3420.0,3310.0,3420.0,150.844.500
04/01/2021,2898.68,3490.0,3500.0,3310.0,3320.0,165.339.800
05/01/2021,2882.07,3470.0,3480.0,3420.0,3480.0,157.800.700
06/01/2021,2799.01,3370.0,3490.0,3330.0,3470.0,177.877.900
07/01/2021,2815.62,3390.0,3450.0,3380.0,3390.0,140.221.900
08/01/2021,2965.12,3570.0,3620.0,3440.0,3450.0,492.643.700
11/01/2021,2990.04,3600.0,3640.0,3570.0,3590.0,271.231.200
12/01/2021,2915.29,3510.0,3620.0,3500.0,3600.0,189.779.500
13/01/2021,2890.37,3480.0,3550.0,3460.0,3550.0,162.329.300
14/01/2021,2906.98,3500.0,3590.0,3470.0,3480.0,187.448.400
15/01/2021,2890.37,3480.0,3540.0,3450.0,3510.0,133.304.300
18/01/2021,2865.46,3450.0,3520.0,3430.0,3480.0,138.913.100
19/01/2021,2832.23,3410.0,3490.0,3370.0,3470.0,144.100.700
20/01/2021,2882.07,3470.0,3480.0,3380.0,3420.0,116.098.100
21/01/2021,2890.37,3480.0,3520.0,3460.0,3500.0,81.801.900
22/01/2021,2815.62,3390.0,3440.0,3360.0,3420.0,165.024.200
25/01/2021,2799.01,3370.0,3410.0,3310.0,3370.0,118.131.800
26/01/2021,2707.65,3260.0,3390.0,3260.0,3360.0,111.414.500
27/01/2021,2807.32,3380.0,3380.0,3260.0,3340.0,159.144.700
28/01/2021,2691.04,3240.0,3330.0,3230.0,3280.0,142.648.800
29/01/2021,2583.06,3110.0,3290.0,3110.0,3290.0,191.915.100
01/02/2021,2682.73,3230.0,3250.0,3040.0,3130.0,133.929.600
02/02/2021,2715.95,3270.0,3330.0,3250.0,3300.0,114.734.600
03/02/2021,2691.04,3240.0,3330.0,3220.0,3250.0,86.433.900
04/02/2021,2732.57,3290.0,3330.0,3260.0,3270.0,80.319.500
05/02/2021,2732.57,3290.0,3320.0,3270.0,3320.0,52.630.500
08/02/2021,2724.26,3280.0,3370.0,3270.0,3300.0,96.635.600
09/02/2021,2657.81,3200.0,3300.0,3180.0,3250.0,157.479.200
10/02/2021,2649.51,3190.0,3220.0,3160.0,3180.0,125.221.400
11/02/2021,2649.51,3190.0,3230.0,3170.0,3220.0,79.940.700
15/02/2021,2674.43,3220.0,3260.0,3200.0,3200.0,88.883.300
16/02/2021,2666.12,3210.0,3250.0,3190.0,3200.0,82.026.300
17/02/2021,2616.29,3150.0,3250.0,3140.0,3220.0,121.105.300
18/02/2021,2641.2,3180.0,3270.0,3180.0,3190.0,151.200.300
19/02/2021,2666.12,3210.0,3220.0,3170.0,3180.0,63.214.600
22/02/2021,2632.9,3170.0,3240.0,3170.0,3210.0,100.425.500
23/02/2021,2882.07,3470.0,3480.0,3200.0,3200.0,354.966.200
24/02/2021,2890.37,3480.0,3550.0,3460.0,3490.0,303.017.100
25/02/2021,2898.68,3490.0,3570.0,3450.0,3510.0,226.833.000
26/02/2021,2898.68,3490.0,3510.0,3410.0,3450.0,230.007.700
01/03/2021,2898.68,3490.0,3510.0,3470.0,3490.0,91.513.500
02/03/2021,2873.76,3460.0,3500.0,3440.0,3490.0,169.061.400
03/03/2021,2857.15,3440.0,3480.0,3420.0,3480.0,82.610.700
04/03/2021,2790.71,3360.0,3430.0,3350.0,3420.0,142.322.100
05/03/2021,2757.48,3320.0,3370.0,3320.0,3340.0,128.546.000
08/03/2021,2774.09,3340.0,3400.0,3330.0,3360.0,80.094.900
09/03/2021,2732.57,3290.0,3390.0,3280.0,3370.0,110.090.800
10/03/2021,2823.93,3400.0,3420.0,3310.0,3340.0,91.631.900
12/03/2021,2865.46,3450.0,3480.0,3430.0,3440.0,100.195.200
15/03/2021,2807.32,3380.0,3450.0,3380.0,3440.0,50.077.300
16/03/2021,2790.71,3360.0,3410.0,3360.0,3400.0,60.111.200
17/03/2021,2815.62,3390.0,3430.0,3370.0,3410.0,61.701.400
18/03/2021,2865.46,3450.0,3480.0,3430.0,3450.0,101.896.400
19/03/2021,2857.15,3440.0,3440.0,3380.0,3410.0,140.000.000
22/03/2021,2807.32,3380.0,3440.0,3380.0,3440.0,53.870.300
23/03/2021,2790.71,3360.0,3420.0,3350.0,3390.0,55.323.200
24/03/2021,2799.01,3370.0,3390.0,3320.0,3320.0,67.173.200
25/03/2021,2832.23,3410.0,3430.0,3380.0,3400.0,107.607.200
26/03/2021,2898.68,3490.0,3500.0,3390.0,3410.0,106.810.400
29/03/2021,2832.23,3410.0,3490.0,3400.0,3470.0,72.214.100
30/03/2021,2807.32,3380.0,3430.0,3360.0,3420.0,66.491.800
31/03/2021,2840.54,3420.0,3420.0,3330.0,3380.0,134.671.900
01/04/2021,2815.62,3390.0,3440.0,3380.0,3390.0,73.332.000
05/04/2021,2807.32,3380.0,3430.0,3370.0,3430.0,36.029.200
06/04/2021,2799.01,3370.0,3410.0,3370.0,3400.0,40.566.400
07/04/2021,2823.93,3400.0,3430.0,3380.0,3410.0,84.754.300
08/04/2021,2815.62,3390.0,3400.0,3380.0,3380.0,59.079.700
09/04/2021,2790.71,3360.0,3390.0,3360.0,3390.0,56.861.400
12/04/2021,2749.18,3310.0,3390.0,3300.0,3340.0,79.003.200
13/04/2021,2765.79,3330.0,3340.0,3300.0,3340.0,51.300.200
14/04/2021,2774.09,3340.0,3360.0,3320.0,3360.0,52.587.500
15/04/2021,2790.71,3360.0,3360.0,3320.0,3340.0,65.669.100
16/04/2021,2790.71,3360.0,3370.0,3320.0,3370.0,52.517.800
19/04/2021,2774.09,3340.0,3360.0,3330.0,3330.0,44.899.700
20/04/2021,2757.48,3320.0,3350.0,3300.0,3330.0,55.700.100
21/04/2021,2724.26,3280.0,3330.0,3280.0,3290.0,47.167.800
22/04/2021,2765.79,3330.0,3340.0,3290.0,3290.0,54.970.000
23/04/2021,2749.18,3310.0,3330.0,3290.0,3330.0,39.798.400
26/04/2021,2699.34,3250.0,3300.0,3250.0,3280.0,55.076.200
27/04/2021,2624.59,3160.0,3250.0,3140.0,3240.0,166.985.400
28/04/2021,2607.98,3140.0,3170.0,3130.0,3160.0,91.596.300
29/04/2021,2657.81,3200.0,3210.0,3140.0,3150.0,111.785.100
30/04/2021,2657.81,3200.0,3260.0,3200.0,3220.0,143.840.800
03/05/2021,2632.9,3170.0,3210.0,3130.0,3200.0,124.724.400
04/05/2021,2666.12,3210.0,3210.0,3170.0,3180.0,60.180.600
05/05/2021,2657.81,3200.0,3210.0,3180.0,3210.0,76.480.300
06/05/2021,2649.51,3190.0,3200.0,3150.0,3200.0,91.955.600
07/05/2021,2649.51,3190.0,3220.0,3180.0,3200.0,98.099.900
10/05/2021,2632.9,3170.0,3200.0,3160.0,3190.0,104.121.900
11/05/2021,2641.2,3180.0,3200.0,3150.0,3170.0,94.281.900
17/05/2021,2649.51,3190.0,3190.0,3150.0,3190.0,114.071.400
18/05/2021,2641.2,3180.0,3190.0,3150.0,3190.0,77.310.400
19/05/2021,2624.59,3160.0,3220.0,3150.0,3150.0,48.958.100
20/05/2021,2749.18,3310.0,3320.0,3180.0,3190.0,197.430.900
21/05/2021,2715.95,3270.0,3350.0,3270.0,3340.0,104.101.400
24/05/2021,2707.65,3260.0,3330.0,3220.0,3290.0,64.347.100
25/05/2021,2740.87,3300.0,3320.0,3270.0,3290.0,62.218.300
27/05/2021,2807.32,3380.0,3400.0,3330.0,3350.0,233.551.300
28/05/2021,2715.95,3270.0,3400.0,3260.0,3380.0,87.439.800
31/05/2021,2857.15,3440.0,3460.0,3300.0,3300.0,155.768.200
02/06/2021,2865.46,3450.0,3500.0,3420.0,3490.0,108.933.400
03/06/2021,2898.68,3490.0,3490.0,3420.0,3420.0,77.627.900
04/06/2021,2906.98,3500.0,3510.0,3450.0,3490.0,70.624.200
07/06/2021,2948.51,3550.0,3570.0,3500.0,3540.0,124.440.300
08/06/2021,2906.98,3500.0,3550.0,3470.0,3550.0,132.409.400
09/06/2021,2957.6,3390.0,3400.0,3310.0,3340.0,112.204.200
10/06/2021,3036.12,3480.0,3500.0,3340.0,3350.0,137.713.700
11/06/2021,3027.39,3470.0,3500.0,3420.0,3490.0,82.336.600
14/06/2021,2975.04,3410.0,3470.0,3400.0,3460.0,46.016.500
15/06/2021,3001.22,3440.0,3440.0,3380.0,3410.0,60.528.600
16/06/2021,2975.04,3410.0,3430.0,3380.0,3380.0,39.149.800
17/06/2021,2922.7,3350.0,3420.0,3350.0,3370.0,50.286.100
18/06/2021,2922.7,3350.0,3400.0,3290.0,3350.0,168.414.300
21/06/2021,2879.07,3300.0,3340.0,3260.0,3280.0,74.248.200
22/06/2021,2879.07,3300.0,3370.0,3290.0,3300.0,89.349.200
23/06/2021,2940.15,3370.0,3420.0,3310.0,3310.0,81.901.000
24/06/2021,2835.45,3250.0,3360.0,3240.0,3330.0,101.334.200
25/06/2021,2835.45,3250.0,3300.0,3240.0,3250.0,58.330.700
28/06/2021,2765.66,3170.0,3260.0,3170.0,3250.0,66.338.900
29/06/2021,2756.93,3160.0,3260.0,3150.0,3190.0,123.411.200
30/06/2021,2748.21,3150.0,3180.0,3130.0,3150.0,142.204.500
01/07/2021,2713.31,3110.0,3170.0,3090.0,3160.0,143.665.900
02/07/2021,2678.41,3070.0,3130.0,3060.0,3110.0,161.855.700
05/07/2021,2652.24,3040.0,3090.0,3010.0,3070.0,133.815.000
06/07/2021,2626.07,3010.0,3070.0,3000.0,3050.0,151.573.500
07/07/2021,2643.51,3030.0,3070.0,3010.0,3030.0,110.215.500
08/07/2021,2626.07,3010.0,3060.0,3000.0,3060.0,132.576.600
09/07/2021,2756.93,3160.0,3170.0,3030.0,3040.0,222.916.400
12/07/2021,2730.76,3130.0,3190.0,3110.0,3190.0,86.268.000
13/07/2021,2678.41,3070.0,3160.0,3050.0,3160.0,82.856.600
14/07/2021,2669.69,3060.0,3070.0,3020.0,3050.0,84.993.400
15/07/2021,2730.76,3130.0,3140.0,3080.0,3110.0,88.092.800
16/07/2021,2765.66,3170.0,3170.0,3110.0,3140.0,63.626.300
19/07/2021,2809.28,3220.0,3230.0,3150.0,3160.0,116.219.500
21/07/2021,2800.55,3210.0,3240.0,3180.0,3190.0,115.099.400
22/07/2021,2844.18,3260.0,3260.0,3210.0,3210.0,48.865.700
23/07/2021,2765.66,3170.0,3250.0,3150.0,3250.0,67.128.400
26/07/2021,2783.11,3190.0,3200.0,3140.0,3140.0,55.525.800
27/07/2021,2852.9,3270.0,3270.0,3160.0,3210.0,62.673.400
28/07/2021,2783.11,3190.0,3250.0,3150.0,3250.0,103.282.300
29/07/2021,2818.0,3230.0,3290.0,3200.0,3210.0,126.542.400
30/07/2021,2826.73,3240.0,3290.0,3200.0,3200.0,95.143.100
02/08/2021,2887.8,3310.0,3310.0,3210.0,3240.0,60.368.200
03/08/2021,2905.25,3330.0,3360.0,3290.0,3310.0,89.712.500
04/08/2021,2940.15,3370.0,3370.0,3310.0,3330.0,63.108.600
05/08/2021,2913.97,3340.0,3400.0,3320.0,3360.0,89.742.800
06/08/2021,2896.52,3320.0,3380.0,3310.0,3360.0,31.664.200
09/08/2021,2835.45,3250.0,3300.0,3220.0,3260.0,70.299.500
10/08/2021,2818.0,3230.0,3270.0,3190.0,3240.0,57.658.000
12/08/2021,2922.7,3350.0,3350.0,3240.0,3260.0,93.133.400
13/08/2021,2879.07,3300.0,3380.0,3260.0,3370.0,59.903.600
16/08/2021,2913.97,3340.0,3340.0,3290.0,3300.0,38.661.800
18/08/2021,2983.77,3420.0,3440.0,3350.0,3360.0,162.921.300
19/08/2021,2957.6,3390.0,3430.0,3360.0,3410.0,100.851.800
20/08/2021,2966.32,3400.0,3430.0,3370.0,3390.0,113.411.000
23/08/2021,3001.22,3440.0,3440.0,3400.0,3420.0,64.122.400
24/08/2021,2966.32,3400.0,3420.0,3310.0,3410.0,69.338.100
25/08/2021,2940.15,3370.0,3390.0,3330.0,3390.0,66.618.200
26/08/2021,2931.42,3360.0,3360.0,3320.0,3330.0,55.756.100
27/08/2021,2896.52,3320.0,3370.0,3310.0,3370.0,62.419.000
30/08/2021,2966.32,3400.0,3400.0,3330.0,3330.0,64.177.700
31/08/2021,2966.32,3400.0,3420.0,3360.0,3400.0,130.019.000
01/09/2021,2913.97,3340.0,3420.0,3330.0,3420.0,85.135.200
02/09/2021,2940.15,3370.0,3390.0,3350.0,3350.0,51.633.800
03/09/2021,2957.6,3390.0,3420.0,3370.0,3400.0,65.479.800
06/09/2021,2957.6,3390.0,3410.0,3380.0,3410.0,52.640.400
07/09/2021,2948.87,3380.0,3410.0,3360.0,3410.0,42.617.400
08/09/2021,2905.25,3330.0,3400.0,3310.0,3400.0,80.636.800
09/09/2021,2957.6,3390.0,3390.0,3330.0,3360.0,82.214.400
10/09/2021,2905.25,3330.0,3390.0,3320.0,3380.0,52.115.300
13/09/2021,2922.7,3350.0,3350.0,3300.0,3310.0,45.547.200
14/09/2021,3001.22,3440.0,3450.0,3350.0,3380.0,166.002.100
15/09/2021,3009.94,3450.0,3450.0,3410.0,3430.0,73.158.300
16/09/2021,3001.22,3440.0,3470.0,3400.0,3470.0,58.318.700
17/09/2021,3079.74,3530.0,3530.0,3390.0,3400.0,117.573.100
20/09/2021,3071.01,3520.0,3520.0,3460.0,3500.0,83.985.100
21/09/2021,3079.74,3530.0,3560.0,3480.0,3500.0,95.848.100
22/09/2021,3132.08,3590.0,3590.0,3520.0,3530.0,66.835.200
23/09/2021,3105.91,3560.0,3610.0,3550.0,3600.0,104.737.500
24/09/2021,3105.91,3560.0,3580.0,3540.0,3560.0,72.224.500
27/09/2021,3071.01,3520.0,3560.0,3480.0,3530.0,87.303.000
28/09/2021,3079.74,3530.0,3540.0,3490.0,3510.0,54.671.700
29/09/2021,3079.74,3530.0,3540.0,3490.0,3490.0,53.170.100
30/09/2021,3219.33,3690.0,3690.0,3540.0,3550.0,153.853.900
01/10/2021,3193.16,3660.0,3690.0,3610.0,3680.0,109.898.400
04/10/2021,3201.88,3670.0,3670.0,3600.0,3620.0,82.205.100
05/10/2021,3201.88,3670.0,3680.0,3620.0,3670.0,140.488.300
06/10/2021,3280.4,3760.0,3770.0,3650.0,3690.0,153.535.700
07/10/2021,3245.5,3720.0,3740.0,3690.0,3720.0,56.837.600
08/10/2021,3315.3,3800.0,3800.0,3720.0,3730.0,91.361.800
11/10/2021,3324.02,3810.0,3850.0,3770.0,3800.0,78.865.000
12/10/2021,3297.85,3780.0,3840.0,3770.0,3780.0,69.866.300
13/10/2021,3289.13,3770.0,3820.0,3750.0,3750.0,87.143.900
14/10/2021,3341.47,3830.0,3830.0,3770.0,3770.0,95.817.900
15/10/2021,3324.02,3810.0,3840.0,3750.0,3840.0,69.707.700
18/10/2021,3306.57,3790.0,3840.0,3790.0,3840.0,78.580.700
19/10/2021,3262.95,3740.0,3800.0,3720.0,3750.0,61.095.700
21/10/2021,3358.92,3850.0,3880.0,3760.0,3780.0,169.659.500
22/10/2021,3376.37,3870.0,3880.0,3820.0,3860.0,59.640.700
25/10/2021,3297.85,3780.0,3840.0,3780.0,3800.0,58.246.300
26/10/2021,3315.3,3800.0,3830.0,3780.0,3800.0,58.615.100
27/10/2021,3306.57,3790.0,3830.0,3770.0,3820.0,52.210.100
28/10/2021,3271.68,3750.0,3820.0,3710.0,3820.0,61.151.100
29/10/2021,3315.3,3800.0,3810.0,3730.0,3750.0,70.430.900
01/11/2021,3228.05,3700.0,3820.0,3700.0,3810.0,65.447.100
02/11/2021,3193.16,3660.0,3710.0,3640.0,3700.0,170.260.000
03/11/2021,3245.5,3720.0,3740.0,3620.0,3620.0,48.810.500
04/11/2021,3289.13,3770.0,3780.0,3720.0,3750.0,53.494.200
05/11/2021,3289.13,3770.0,3770.0,3710.0,3760.0,43.133.000
08/11/2021,3271.68,3750.0,3780.0,3710.0,3780.0,58.758.600
09/11/2021,3236.78,3710.0,3740.0,3680.0,3730.0,92.427.800
10/11/2021,3228.05,3700.0,3720.0,3670.0,3670.0,53.511.200
11/11/2021,3184.43,3650.0,3730.0,3640.0,3700.0,95.789.600
12/11/2021,3140.81,3600.0,3660.0,3600.0,3660.0,115.142.400
15/11/2021,3140.81,3600.0,3650.0,3600.0,3600.0,91.001.800
16/11/2021,3201.88,3670.0,3680.0,3590.0,3590.0,99.590.700
17/11/2021,3166.98,3630.0,3690.0,3600.0,3690.0,82.023.300
18/11/2021,3166.98,3630.0,3640.0,3600.0,3630.0,53.290.400
19/11/2021,3402.54,3900.0,3920.0,3660.0,3660.0,310.615.000
22/11/2021,3315.3,3800.0,3930.0,3780.0,3920.0,206.683.100
23/11/2021,3315.3,3800.0,3850.0,3780.0,3800.0,67.778.800
24/11/2021,3315.3,3800.0,3840.0,3790.0,3840.0,67.303.800
25/11/2021,3489.79,4000.0,4090.0,3850.0,3880.0,264.897.100
26/11/2021,3498.51,4010.0,4050.0,3970.0,4040.0,231.870.300
29/11/2021,3611.93,4140.0,4170.0,3980.0,4010.0,228.774.600
30/11/2021,3481.06,3990.0,4170.0,3990.0,4150.0,435.800.600
01/12/2021,3559.58,4080.0,4150.0,4020.0,4040.0,200.699.200
02/12/2021,3629.38,4160.0,4190.0,4100.0,4140.0,116.093.100
03/12/2021,3550.86,4070.0,4180.0,4050.0,4130.0,96.760.700
06/12/2021,3638.1,4170.0,4250.0,4050.0,4060.0,106.756.900
07/12/2021,3620.66,4150.0,4200.0,4120.0,4180.0,121.543.400
08/12/2021,3568.31,4090.0,4120.0,4010.0,4100.0,113.845.600
09/12/2021,3620.66,4150.0,4150.0,4080.0,4090.0,86.985.800
10/12/2021,3620.66,4150.0,4150.0,4070.0,4070.0,90.725.000
13/12/2021,3559.58,4080.0,4150.0,4080.0,4150.0,65.533.000
14/12/2021,3577.03,4100.0,4120.0,4070.0,4120.0,75.736.900
15/12/2021,3559.58,4080.0,4140.0,4060.0,4060.0,84.424.500
16/12/2021,3577.03,4100.0,4150.0,4060.0,4110.0,98.164.300
17/12/2021,3577.03,4100.0,4100.0,4010.0,4010.0,149.615.800
20/12/2021,3559.58,4080.0,4110.0,4040.0,4070.0,72.794.200
21/12/2021,3629.38,4160.0,4190.0,4100.0,4110.0,98.039.300
22/12/2021,3585.76,4110.0,4170.0,4110.0,4160.0,50.574.500
23/12/2021,3629.38,4160.0,4160.0,4100.0,4110.0,54.508.200
24/12/2021,3585.76,4110.0,4170.0,4100.0,4160.0,29.075.600
27/12/2021,3559.58,4080.0,4150.0,4070.0,4150.0,30.748.000
28/12/2021,3568.31,4090.0,4130.0,4050.0,4080.0,39.443.300
29/12/2021,3559.58,4080.0,4130.0,4080.0,4100.0,25.596.100
30/12/2021,3524.69,4040.0,4130.0,4040.0,4130.0,50.575.100
03/01/2022,3646.83,4180.0,4180.0,4050.0,4060.0,65.937.900
04/01/2022,3638.1,4170.0,4200.0,4150.0,4180.0,42.984.700
05/01/2022,3533.41,4050.0,4190.0,4030.0,4150.0,119.584.700
06/01/2022,3594.48,4120.0,4120.0,4030.0,4090.0,89.197.500
07/01/2022,3638.1,4170.0,4190.0,4090.0,4120.0,68.415.100
10/01/2022,3577.03,4100.0,4190.0,4100.0,4180.0,44.921.200
11/01/2022,3568.31,4090.0,4160.0,4090.0,4120.0,61.890.200
12/01/2022,3585.76,4110.0,4140.0,4070.0,4110.0,45.132.700
13/01/2022,3646.83,4180.0,4180.0,4110.0,4170.0,84.148.400
14/01/2022,3655.55,4190.0,4190.0,4130.0,4140.0,28.193.100
17/01/2022,3646.83,4180.0,4200.0,4140.0,4200.0,39.816.300
18/01/2022,3707.9,4250.0,4250.0,4160.0,4200.0,112.212.200
19/01/2022,3707.9,4250.0,4260.0,4230.0,4260.0,88.713.900
20/01/2022,3681.73,4220.0,4300.0,4190.0,4300.0,100.014.500
21/01/2022,3777.7,4330.0,4330.0,4190.0,4240.0,75.534.800
24/01/2022,3751.52,4300.0,4310.0,4250.0,4260.0,70.404.500
25/01/2022,3742.8,4290.0,4320.0,4250.0,4310.0,116.353.600
26/01/2022,3830.04,4390.0,4390.0,4290.0,4380.0,127.641.400
27/01/2022,3725.35,4270.0,4400.0,4260.0,4400.0,98.613.900
28/01/2022,3716.62,4260.0,4300.0,4230.0,4260.0,61.686.700
31/01/2022,3655.55,4190.0,4250.0,4190.0,4210.0,88.735.900
02/02/2022,3638.1,4170.0,4200.0,4150.0,4170.0,144.006.000
03/02/2022,3664.28,4200.0,4210.0,4160.0,4200.0,58.212.400
04/02/2022,3690.45,4230.0,4260.0,4180.0,4260.0,98.728.700
07/02/2022,3742.8,4290.0,4290.0,4210.0,4230.0,90.285.800
08/02/2022,3690.45,4230.0,4280.0,4230.0,4280.0,71.210.400
09/02/2022,3734.07,4280.0,4280.0,4210.0,4280.0,95.375.000
10/02/2022,3891.11,4460.0,4470.0,4340.0,4400.0,233.984.700
11/02/2022,3882.39,4450.0,4550.0,4410.0,4500.0,130.081.900
14/02/2022,3838.77,4400.0,4400.0,4310.0,4380.0,104.903.700
15/02/2022,3847.49,4410.0,4440.0,4360.0,4400.0,75.305.900
16/02/2022,3838.77,4400.0,4460.0,4380.0,4420.0,90.121.200
17/02/2022,3847.49,4410.0,4440.0,4360.0,4400.0,72.970.200
18/02/2022,3838.77,4400.0,4440.0,4370.0,4420.0,71.111.300
21/02/2022,3812.59,4370.0,4420.0,4340.0,4370.0,58.883.000
22/02/2022,3751.52,4300.0,4360.0,4250.0,4320.0,106.985.800
23/02/2022,3795.14,4350.0,4370.0,4270.0,4280.0,110.562.400
24/02/2022,3699.18,4240.0,4320.0,4200.0,4280.0,126.158.600
25/02/2022,3786.42,4340.0,4350.0,4240.0,4240.0,208.757.000
01/03/2022,3795.14,4350.0,4650.0,4350.0,4640.0,206.416.900
02/03/2022,3742.8,4290.0,4400.0,4270.0,4400.0,152.165.300
04/03/2022,3838.77,4400.0,4440.0,4300.0,4440.0,155.369.100
07/03/2022,3934.74,4510.0,4530.0,4370.0,4400.0,177.360.400
08/03/2022,4030.71,4620.0,4700.0,4540.0,4600.0,234.086.000
09/03/2022,3873.66,4440.0,4620.0,4420.0,4550.0,145.145.900
10/03/2022,3847.49,4410.0,4500.0,4380.0,4500.0,130.830.800
11/03/2022,4004.53,4590.0,4590.0,4400.0,4410.0,143.446.200
14/03/2022,3995.81,4580.0,4670.0,4540.0,4650.0,166.572.700
15/03/2022,4030.71,4620.0,4630.0,4570.0,4630.0,231.077.800
16/03/2022,4039.43,4630.0,4660.0,4550.0,4660.0,109.961.900
17/03/2022,3908.56,4480.0,4580.0,4450.0,4550.0,246.300.800
18/03/2022,3960.91,4540.0,4540.0,4470.0,4490.0,210.266.100
21/03/2022,3969.63,4550.0,4570.0,4520.0,4550.0,79.691.600
22/03/2022,3969.63,4550.0,4580.0,4540.0,4550.0,98.699.900
23/03/2022,3969.63,4550.0,4570.0,4500.0,4550.0,78.299.500
24/03/2022,3978.36,4560.0,4570.0,4500.0,4500.0,89.578.400
25/03/2022,3943.46,4520.0,4540.0,4480.0,4510.0,90.053.700
28/03/2022,4013.26,4600.0,4600.0,4500.0,4510.0,184.131.000
29/03/2022,3978.36,4560.0,4620.0,4560.0,4600.0,77.920.800
30/03/2022,3995.81,4580.0,4620.0,4560.0,4620.0,118.749.100
31/03/2022,3995.81,4580.0,4640.0,4560.0,4620.0,108.109.700
01/04/2022,3995.81,4580.0,4580.0,4530.0,4550.0,86.590.300
04/04/2022,3960.91,4540.0,4570.0,4490.0,4560.0,103.480.300
05/04/2022,3943.46,4520.0,4550.0,4500.0,4550.0,52.172.300
06/04/2022,3864.94,4430.0,4500.0,4420.0,4490.0,108.368.800
07/04/2022,3960.91,4540.0,4540.0,4440.0,4450.0,143.921.800
08/04/2022,3995.81,4580.0,4610.0,4560.0,4580.0,161.974.500
11/04/2022,4004.53,4590.0,4610.0,4550.0,4610.0,90.521.500
12/04/2022,4039.43,4630.0,4630.0,4580.0,4620.0,187.948.000
13/04/2022,4091.78,4690.0,4720.0,4650.0,4700.0,196.864.200
14/04/2022,4083.05,4680.0,4730.0,4660.0,4700.0,112.735.200
18/04/2022,4109.23,4710.0,4730.0,4690.0,4720.0,120.778.200
19/04/2022,4083.05,4680.0,4750.0,4680.0,4740.0,92.268.300
20/04/2022,4039.43,4630.0,4690.0,4620.0,4680.0,88.360.900
21/04/2022,4030.71,4620.0,4670.0,4600.0,4620.0,97.575.800
22/04/2022,4030.71,4620.0,4680.0,4580.0,4620.0,101.299.100
25/04/2022,4109.23,4710.0,4720.0,4580.0,4610.0,92.045.500
26/04/2022,4152.85,4760.0,4760.0,4670.0,4680.0,85.945.800
27/04/2022,4161.57,4770.0,4790.0,4720.0,4720.0,136.485.600
28/04/2022,4030.71,4620.0,4850.0,4620.0,4850.0,198.484.800
09/05/2022,3760.25,4310.0,4560.0,4300.0,4560.0,343.682.000
10/05/2022,3786.42,4340.0,4380.0,4120.0,4120.0,281.386.300
11/05/2022,3777.7,4330.0,4480.0,4330.0,4400.0,154.455.400
12/05/2022,3751.52,4300.0,4390.0,4250.0,4340.0,233.518.500
13/05/2022,3716.62,4260.0,4350.0,4230.0,4250.0,190.889.200
17/05/2022,3646.83,4180.0,4290.0,4180.0,4250.0,170.880.700
18/05/2022,3707.9,4250.0,4290.0,4190.0,4230.0,185.359.500
19/05/2022,3673.0,4210.0,4230.0,4150.0,4180.0,112.679.300
20/05/2022,3638.1,4170.0,4230.0,4170.0,4220.0,141.701.800
23/05/2022,3585.76,4110.0,4180.0,4070.0,4160.0,196.569.900
24/05/2022,3620.66,4150.0,4200.0,4120.0,4120.0,151.693.700
25/05/2022,3664.28,4200.0,4210.0,4150.0,4200.0,166.595.400
27/05/2022,3751.52,4300.0,4300.0,4210.0,4260.0,186.513.500
30/05/2022,3707.9,4250.0,4340.0,4200.0,4340.0,107.614.100
31/05/2022,3760.25,4310.0,4330.0,4230.0,4270.0,469.620.300
02/06/2022,3742.8,4290.0,4390.0,4270.0,4390.0,164.481.100
03/06/2022,3760.25,4310.0,4390.0,4300.0,4310.0,108.852.800
06/06/2022,3786.42,4340.0,4340.0,4270.0,4310.0,79.319.400
07/06/2022,3707.9,4250.0,4340.0,4250.0,4340.0,142.504.000
08/06/2022,3707.87,4100.0,4170.0,4080.0,4150.0,202.555.900
09/06/2022,3662.65,4050.0,4130.0,4050.0,4080.0,148.580.200
10/06/2022,3635.52,4020.0,4080.0,4000.0,4040.0,189.186.700
13/06/2022,3689.78,4080.0,4100.0,3930.0,3950.0,156.054.900
14/06/2022,3716.91,4110.0,4120.0,4020.0,4050.0,117.325.600
15/06/2022,3671.69,4060.0,4080.0,4030.0,4060.0,94.848.800
16/06/2022,3653.61,4040.0,4120.0,4030.0,4120.0,96.042.200
17/06/2022,3725.96,4120.0,4120.0,3980.0,4010.0,169.375.800
20/06/2022,3653.61,4040.0,4060.0,4000.0,4050.0,82.101.200
21/06/2022,3716.91,4110.0,4120.0,4030.0,4060.0,77.489.000
22/06/2022,3662.65,4050.0,4090.0,4040.0,4090.0,60.907.800
23/06/2022,3762.13,4160.0,4160.0,4030.0,4030.0,101.065.400
24/06/2022,3753.09,4150.0,4230.0,4100.0,4230.0,81.050.700
27/06/2022,3680.74,4070.0,4120.0,4040.0,4110.0,71.574.300
28/06/2022,3644.56,4030.0,4050.0,4000.0,4010.0,128.618.800
29/06/2022,3653.61,4040.0,4080.0,4000.0,4000.0,72.888.100
30/06/2022,3617.43,4000.0,4110.0,4000.0,4110.0,116.718.900
01/07/2022,3635.52,4020.0,4040.0,4000.0,4010.0,39.572.500
04/07/2022,3608.39,3990.0,4040.0,3840.0,4020.0,115.885.200
05/07/2022,3608.39,3990.0,4070.0,3950.0,4010.0,72.329.600
06/07/2022,3635.52,4020.0,4050.0,3970.0,4050.0,62.679.000
07/07/2022,3653.61,4040.0,4050.0,4010.0,4040.0,42.393.800
08/07/2022,3626.48,4010.0,4060.0,4000.0,4050.0,64.049.000
11/07/2022,3653.61,4040.0,4100.0,4000.0,4100.0,42.258.000
12/07/2022,3626.48,4010.0,4060.0,4010.0,4060.0,43.399.800
13/07/2022,3563.17,3940.0,4030.0,3930.0,4010.0,96.218.200
14/07/2022,3635.52,4020.0,4020.0,3900.0,3940.0,68.708.500
15/07/2022,3753.09,4150.0,4210.0,4010.0,4040.0,146.093.800
18/07/2022,3789.26,4190.0,4190.0,4070.0,4110.0,84.009.400
19/07/2022,3762.13,4160.0,4190.0,4130.0,4190.0,91.367.900
20/07/2022,3807.35,4210.0,4220.0,4140.0,4140.0,82.344.000
21/07/2022,3852.57,4260.0,4260.0,4180.0,4210.0,107.234.600
22/07/2022,3825.44,4230.0,4240.0,4190.0,4240.0,59.792.300
25/07/2022,3834.48,4240.0,4260.0,4220.0,4240.0,37.218.000
26/07/2022,3843.52,4250.0,4250.0,4190.0,4240.0,49.786.900
27/07/2022,3888.74,4300.0,4300.0,4210.0,4230.0,60.672.300
28/07/2022,3834.48,4240.0,4320.0,4190.0,4310.0,110.767.300
29/07/2022,3825.44,4230.0,4300.0,4210.0,4280.0,108.823.600
01/08/2022,3888.74,4300.0,4300.0,4230.0,4230.0,104.724.300
02/08/2022,4024.39,4450.0,4450.0,4250.0,4350.0,112.228.800
03/08/2022,4069.61,4500.0,4590.0,4410.0,4450.0,251.825.000
04/08/2022,4114.83,4550.0,4550.0,4450.0,4450.0,186.881.500
05/08/2022,4205.27,4650.0,4650.0,4530.0,4590.0,268.967.200
08/08/2022,4250.48,4700.0,4700.0,4650.0,4700.0,191.023.500
09/08/2022,4196.22,4640.0,4700.0,4630.0,4700.0,164.453.900
10/08/2022,4123.87,4560.0,4590.0,4490.0,4530.0,162.061.400
11/08/2022,4132.92,4570.0,4610.0,4520.0,4550.0,123.629.000
12/08/2022,4114.83,4550.0,4600.0,4530.0,4570.0,124.552.500
15/08/2022,4024.39,4450.0,4570.0,4440.0,4540.0,136.882.800
16/08/2022,3988.22,4410.0,4580.0,4410.0,4530.0,127.710.800
18/08/2022,4114.83,4550.0,4550.0,4350.0,4360.0,182.044.300
19/08/2022,4160.05,4600.0,4610.0,4460.0,4560.0,177.623.900
22/08/2022,4205.27,4650.0,4660.0,4530.0,4550.0,202.320.400
23/08/2022,4214.31,4660.0,4710.0,4610.0,4680.0,229.431.400
24/08/2022,4295.7,4750.0,4770.0,4600.0,4660.0,189.007.900
25/08/2022,4132.92,4570.0,4700.0,4560.0,4680.0,179.495.700
26/08/2022,4060.57,4490.0,4540.0,4480.0,4510.0,184.317.100
29/08/2022,4087.7,4520.0,4550.0,4360.0,4370.0,101.529.800
30/08/2022,4051.52,4480.0,4620.0,4480.0,4580.0,118.884.300
31/08/2022,4123.87,4560.0,4600.0,4420.0,4420.0,175.300.400
01/09/2022,4141.96,4580.0,4650.0,4530.0,4560.0,120.871.700
02/09/2022,4160.05,4600.0,4620.0,4540.0,4540.0,106.985.000
05/09/2022,4178.13,4620.0,4630.0,4550.0,4560.0,77.323.800
06/09/2022,4078.66,4510.0,4620.0,4510.0,4610.0,61.970.100
07/09/2022,4060.57,4490.0,4560.0,4480.0,4500.0,106.145.700
08/09/2022,4123.87,4560.0,4640.0,4500.0,4500.0,123.389.200
09/09/2022,4160.05,4600.0,4600.0,4530.0,4550.0,50.307.800
12/09/2022,4105.79,4540.0,4600.0,4530.0,4600.0,74.820.600
13/09/2022,4087.7,4520.0,4560.0,4520.0,4540.0,91.510.200
14/09/2022,4051.52,4480.0,4530.0,4460.0,4490.0,97.919.200
15/09/2022,4069.61,4500.0,4600.0,4500.0,4540.0,125.599.900
16/09/2022,3988.22,4410.0,4500.0,4410.0,4500.0,210.277.300
19/09/2022,4069.61,4500.0,4560.0,4440.0,4460.0,116.164.500
20/09/2022,4051.52,4480.0,4540.0,4480.0,4530.0,100.743.700
21/09/2022,4006.31,4430.0,4470.0,4410.0,4450.0,91.363.200
22/09/2022,4006.31,4430.0,4450.0,4380.0,4400.0,89.922.900
23/09/2022,3961.09,4380.0,4430.0,4380.0,4400.0,95.911.400
26/09/2022,4033.44,4460.0,4510.0,4300.0,4390.0,132.185.400
27/09/2022,4015.35,4440.0,4470.0,4380.0,4450.0,123.113.800
28/09/2022,4042.48,4470.0,4530.0,4400.0,4430.0,104.385.500
29/09/2022,4015.35,4440.0,4500.0,4420.0,4460.0,90.290.400
30/09/2022,4033.44,4460.0,4500.0,4390.0,4400.0,111.482.000
03/10/2022,4033.44,4460.0,4470.0,4380.0,4460.0,77.569.100
04/10/2022,4015.35,4440.0,4510.0,4430.0,4460.0,87.832.800
05/10/2022,4033.44,4460.0,4540.0,4460.0,4490.0,61.888.400
06/10/2022,4006.31,4430.0,4480.0,4420.0,4460.0,60.464.300
07/10/2022,3933.96,4350.0,4430.0,4350.0,4400.0,102.570.000
10/10/2022,3997.26,4420.0,4420.0,4330.0,4340.0,72.389.100
11/10/2022,3897.78,4310.0,4380.0,4310.0,4360.0,108.794.500
12/10/2022,3924.91,4340.0,4350.0,4280.0,4300.0,107.938.600
13/10/2022,3888.74,4300.0,4350.0,4290.0,4330.0,70.034.500
14/10/2022,3879.7,4290.0,4360.0,4290.0,4360.0,68.096.300
17/10/2022,3915.87,4330.0,4330.0,4200.0,4200.0,90.321.700
18/10/2022,3843.52,4250.0,4340.0,4250.0,4310.0,72.516.000
19/10/2022,3798.3,4200.0,4300.0,4200.0,4220.0,65.848.300
20/10/2022,3933.96,4350.0,4350.0,4200.0,4200.0,165.391.500
21/10/2022,3943.0,4360.0,4390.0,4300.0,4300.0,79.825.700
24/10/2022,3988.22,4410.0,4450.0,4380.0,4380.0,76.777.200
25/10/2022,3970.13,4390.0,4470.0,4390.0,4430.0,109.154.300
26/10/2022,3952.05,4370.0,4430.0,4330.0,4420.0,97.320.500
27/10/2022,3952.05,4370.0,4410.0,4340.0,4390.0,80.270.300
28/10/2022,4024.39,4450.0,4450.0,4380.0,4420.0,91.101.500
31/10/2022,3970.13,4390.0,4460.0,4360.0,4460.0,162.753.500
01/11/2022,3997.26,4420.0,4420.0,4360.0,4420.0,108.592.900
02/11/2022,3816.39,4220.0,4420.0,4220.0,4400.0,217.855.200
03/11/2022,3735.0,4130.0,4170.0,4050.0,4140.0,231.475.000
04/11/2022,3807.35,4210.0,4210.0,4070.0,4070.0,201.183.100
07/11/2022,3870.65,4280.0,4280.0,4160.0,4250.0,129.868.800
08/11/2022,3816.39,4220.0,4280.0,4200.0,4270.0,110.546.800
09/11/2022,3789.26,4190.0,4230.0,4180.0,4200.0,145.833.200
10/11/2022,3771.17,4170.0,4210.0,4110.0,4110.0,81.249.200
11/11/2022,3753.09,4150.0,4180.0,4140.0,4160.0,227.799.300
14/11/2022,3662.65,4050.0,4120.0,4030.0,4090.0,188.771.200
15/11/2022,3662.65,4050.0,4080.0,4030.0,4050.0,88.570.400
16/11/2022,3662.65,4050.0,4070.0,3960.0,4000.0,149.512.300
17/11/2022,3653.61,4040.0,4070.0,4020.0,4020.0,68.616.700
18/11/2022,3626.48,4010.0,4080.0,4010.0,4070.0,115.907.900
21/11/2022,3644.56,4030.0,4060.0,4010.0,4020.0,45.277.400
22/11/2022,3617.43,4000.0,4040.0,4000.0,4020.0,83.888.300
23/11/2022,3590.3,3970.0,4030.0,3970.0,3990.0,95.750.400
24/11/2022,3644.56,4030.0,4040.0,3980.0,3980.0,50.741.600
25/11/2022,3644.56,4030.0,4040.0,3980.0,4010.0,73.305.800
28/11/2022,3599.35,3980.0,4040.0,3980.0,4030.0,94.063.100
29/11/2022,3599.35,3980.0,4020.0,3980.0,3980.0,94.389.800
30/11/2022,3653.61,4040.0,4050.0,3970.0,3970.0,585.687.400
01/12/2022,3581.26,3960.0,4040.0,3960.0,4020.0,230.066.600
02/12/2022,3617.43,4000.0,4020.0,3930.0,3950.0,113.336.600
05/12/2022,3472.74,3840.0,3990.0,3820.0,3980.0,148.751.200
06/12/2022,3255.69,3600.0,3720.0,3580.0,3640.0,416.468.700
07/12/2022,3328.04,3680.0,3700.0,3570.0,3600.0,278.572.200
08/12/2022,3382.3,3740.0,3780.0,3620.0,3700.0,245.646.400
09/12/2022,3300.91,3650.0,3720.0,3630.0,3680.0,164.606.100
12/12/2022,3346.13,3700.0,3710.0,3640.0,3670.0,170.545.000
13/12/2022,3391.34,3750.0,3790.0,3680.0,3690.0,231.127.000
14/12/2022,3391.34,3750.0,3820.0,3740.0,3820.0,107.175.700
15/12/2022,3318.99,3670.0,3720.0,3670.0,3680.0,143.233.600
16/12/2022,3328.04,3680.0,3740.0,3610.0,3610.0,310.944.500
19/12/2022,3364.21,3720.0,3790.0,3680.0,3740.0,119.137.700
20/12/2022,3364.21,3720.0,3750.0,3700.0,3730.0,55.351.300
21/12/2022,3427.52,3790.0,3790.0,3670.0,3690.0,98.741.000
22/12/2022,3391.34,3750.0,3810.0,3740.0,3800.0,68.702.100
23/12/2022,3418.47,3780.0,3780.0,3700.0,3710.0,45.179.400
26/12/2022,3391.34,3750.0,3800.0,3730.0,3780.0,19.216.700
27/12/2022,3445.6,3810.0,3840.0,3750.0,3770.0,49.816.500
28/12/2022,3373.26,3730.0,3810.0,3710.0,3800.0,65.006.300
29/12/2022,3418.47,3780.0,3790.0,3710.0,3720.0,51.703.500
30/12/2022,3391.34,3750.0,3800.0,3750.0,3760.0,79.677.300
02/01/2023,3436.56,3800.0,3800.0,3750.0,3750.0,7.959.900
03/01/2023,3490.82,3860.0,3890.0,3770.0,3790.0,64.235.000
04/01/2023,3454.65,3820.0,3860.0,3810.0,3840.0,56.785.600
05/01/2023,3409.43,3770.0,3820.0,3720.0,3800.0,135.167.000
06/01/2023,3355.17,3710.0,3770.0,3710.0,3750.0,65.207.400
09/01/2023,3427.52,3790.0,3790.0,3730.0,3730.0,46.616.400
10/01/2023,3463.69,3830.0,3850.0,3750.0,3810.0,80.009.900
11/01/2023,3499.87,3870.0,3900.0,3790.0,3820.0,75.139.300
12/01/2023,3490.82,3860.0,3900.0,3780.0,3790.0,105.775.500
13/01/2023,3418.47,3780.0,3860.0,3770.0,3820.0,85.780.600
16/01/2023,3481.78,3850.0,3850.0,3780.0,3780.0,58.918.700
17/01/2023,3572.21,3950.0,3990.0,3860.0,3870.0,132.256.600
18/01/2023,3554.13,3930.0,4010.0,3900.0,4010.0,94.772.000
19/01/2023,3517.95,3890.0,3980.0,3880.0,3900.0,109.555.200
20/01/2023,3499.87,3870.0,3920.0,3850.0,3910.0,88.457.800
24/01/2023,3481.78,3850.0,3910.0,3850.0,3890.0,45.504.900
25/01/2023,3472.74,3840.0,3880.0,3810.0,3850.0,80.575.100
26/01/2023,3590.3,3970.0,4000.0,3850.0,3850.0,117.238.000
27/01/2023,3581.26,3960.0,3990.0,3950.0,3970.0,100.769.500
30/01/2023,3581.26,3960.0,3970.0,3910.0,3960.0,59.425.300
31/01/2023,3481.78,3850.0,3950.0,3850.0,3940.0,179.726.700
01/02/2023,3499.87,3870.0,3900.0,3840.0,3850.0,70.997.300
02/02/2023,3517.95,3890.0,3900.0,3840.0,3850.0,78.852.300
03/02/2023,3508.91,3880.0,3920.0,3870.0,3910.0,55.154.800
06/02/2023,3508.91,3880.0,3910.0,3850.0,3860.0,58.861.300
07/02/2023,3436.56,3800.0,3880.0,3800.0,3880.0,76.254.900
08/02/2023,3472.74,3840.0,3850.0,3790.0,3800.0,65.856.500
09/02/2023,3409.43,3770.0,3840.0,3760.0,3840.0,91.337.300
10/02/2023,3436.56,3800.0,3800.0,3690.0,3750.0,88.759.600
13/02/2023,3427.52,3790.0,3810.0,3750.0,3800.0,69.004.400
14/02/2023,3436.56,3800.0,3830.0,3760.0,3830.0,80.331.100
15/02/2023,3427.52,3790.0,3820.0,3730.0,3810.0,59.028.200
16/02/2023,3409.43,3770.0,3800.0,3750.0,3800.0,49.869.900
17/02/2023,3400.39,3760.0,3770.0,3720.0,3770.0,50.369.000
20/02/2023,3454.65,3820.0,3820.0,3760.0,3760.0,57.438.900
21/02/2023,3472.74,3840.0,3870.0,3830.0,3850.0,63.880.300
22/02/2023,3490.82,3860.0,3870.0,3800.0,3850.0,48.505.600
23/02/2023,3590.3,3970.0,3970.0,3890.0,3950.0,109.147.100
24/02/2023,3653.61,4040.0,4040.0,3950.0,4000.0,142.165.700
27/02/2023,3581.26,3960.0,4000.0,3920.0,3990.0,66.461.600
28/02/2023,3508.91,3880.0,3970.0,3880.0,3930.0,115.766.900
01/03/2023,3554.13,3930.0,3990.0,3910.0,3930.0,47.395.200
02/03/2023,3508.91,3880.0,3930.0,3880.0,3900.0,43.208.800
03/03/2023,3527.0,3900.0,3920.0,3870.0,3880.0,49.796.000
06/03/2023,3508.91,3880.0,3950.0,3870.0,3940.0,50.103.800
07/03/2023,3508.91,3880.0,3910.0,3850.0,3890.0,59.086.800
08/03/2023,3563.17,3940.0,3940.0,3850.0,3850.0,78.551.000
09/03/2023,3590.3,3970.0,4000.0,3960.0,3970.0,68.725.500
10/03/2023,3626.48,4010.0,4020.0,3930.0,3960.0,76.136.200
13/03/2023,3680.74,4070.0,4090.0,3980.0,4020.0,104.663.300
14/03/2023,3635.52,4020.0,4090.0,4000.0,4030.0,111.430.100
15/03/2023,3626.48,4010.0,4050.0,3990.0,4050.0,65.025.400
16/03/2023,3662.65,4050.0,4060.0,3980.0,4040.0,96.707.900
17/03/2023,3662.65,4050.0,4100.0,4030.0,4090.0,232.270.900
20/03/2023,3608.39,3990.0,4050.0,3940.0,4050.0,105.982.700
21/03/2023,3725.96,4120.0,4120.0,4000.0,4000.0,88.808.200
24/03/2023,3680.74,4070.0,4120.0,4060.0,4100.0,96.214.700
27/03/2023,3662.65,4050.0,4120.0,4030.0,4100.0,71.556.400
28/03/2023,3662.65,4050.0,4100.0,4030.0,4100.0,87.955.300
29/03/2023,3707.87,4100.0,4120.0,4070.0,4090.0,113.504.700
30/03/2023,3698.82,4090.0,4130.0,4040.0,4050.0,87.690.800
31/03/2023,3671.69,4060.0,4120.0,4040.0,4110.0,93.699.000
03/04/2023,3689.78,4080.0,4100.0,4070.0,4100.0,56.896.200
04/04/2023,3671.69,4060.0,4100.0,4040.0,4080.0,82.969.200
05/04/2023,3753.09,4150.0,4170.0,4080.0,4100.0,70.419.100
06/04/2023,3843.52,4250.0,4270.0,4170.0,4200.0,125.329.700
10/04/2023,3888.74,4300.0,4300.0,4190.0,4250.0,85.757.900
11/04/2023,3888.74,4300.0,4300.0,4250.0,4290.0,84.322.900
12/04/2023,3897.78,4310.0,4350.0,4260.0,4320.0,178.923.700
13/04/2023,3924.91,4340.0,4350.0,4290.0,4340.0,119.431.600
14/04/2023,3924.91,4340.0,4360.0,4320.0,4340.0,117.305.500
17/04/2023,3861.61,4270.0,4340.0,4250.0,4340.0,59.688.000
18/04/2023,3861.61,4270.0,4280.0,4230.0,4240.0,65.644.600
26/04/2023,3979.18,4400.0,4500.0,4330.0,4480.0,198.984.100
27/04/2023,3906.83,4320.0,4450.0,4300.0,4450.0,58.407.000
28/04/2023,3843.52,4250.0,4320.0,4220.0,4270.0,112.116.900
02/05/2023,3789.26,4190.0,4220.0,4130.0,4210.0,117.097.400
03/05/2023,3753.09,4150.0,4200.0,4080.0,4200.0,158.597.800
04/05/2023,3753.09,4150.0,4190.0,4140.0,4170.0,98.421.300
05/05/2023,3771.17,4170.0,4170.0,4080.0,4160.0,113.408.100
08/05/2023,3671.69,4060.0,4180.0,4040.0,4170.0,121.002.600
09/05/2023,3680.74,4070.0,4090.0,4030.0,4050.0,105.907.900
10/05/2023,3735.0,4130.0,4130.0,4040.0,4050.0,84.306.600
11/05/2023,3698.82,4090.0,4120.0,4060.0,4100.0,74.171.300
12/05/2023,3599.35,3980.0,4050.0,3950.0,4050.0,236.777.600
15/05/2023,3599.35,3980.0,3990.0,3930.0,3990.0,113.329.300
16/05/2023,3599.35,3980.0,4020.0,3940.0,4020.0,68.777.200
17/05/2023,3608.39,3990.0,4020.0,3960.0,3980.0,83.183.300
19/05/2023,3635.52,4020.0,4060.0,3970.0,3990.0,95.986.000
22/05/2023,3653.61,4040.0,4080.0,3980.0,4000.0,115.578.100
23/05/2023,3653.61,4040.0,4080.0,4030.0,4030.0,132.751.000
24/05/2023,3762.13,4160.0,4200.0,4020.0,4020.0,194.127.500
25/05/2023,3725.96,4120.0,4220.0,4120.0,4190.0,122.121.000
26/05/2023,3735.0,4130.0,4160.0,4110.0,4140.0,62.211.800
29/05/2023,3798.3,4200.0,4200.0,4090.0,4120.0,77.540.300
30/05/2023,3725.96,4120.0,4190.0,4120.0,4140.0,78.924.700
31/05/2023,3653.61,4040.0,4160.0,4040.0,4120.0,1.155.861.400
05/06/2023,3689.78,4080.0,4130.0,4020.0,4060.0,189.129.300
06/06/2023,3698.82,4090.0,4130.0,4050.0,4090.0,95.792.700
07/06/2023,3753.09,4150.0,4150.0,4080.0,4100.0,127.707.400
08/06/2023,3771.17,4170.0,4180.0,4120.0,4160.0,78.989.700
09/06/2023,3753.09,4150.0,4170.0,4140.0,4170.0,83.014.700
12/06/2023,3816.79,4050.0,4050.0,4010.0,4040.0,94.687.300
13/06/2023,3797.94,4030.0,4060.0,4030.0,4040.0,69.609.000
14/06/2023,3769.67,4000.0,4040.0,3990.0,4020.0,110.730.800
15/06/2023,3788.52,4020.0,4040.0,3980.0,3990.0,85.391.800
16/06/2023,3741.4,3970.0,4030.0,3960.0,4020.0,160.978.900
19/06/2023,3731.98,3960.0,3990.0,3950.0,3960.0,54.934.100
20/06/2023,3760.25,3990.0,3990.0,3950.0,3980.0,55.155.600
21/06/2023,3750.82,3980.0,3980.0,3950.0,3970.0,60.191.300
22/06/2023,3713.13,3940.0,3990.0,3940.0,3980.0,56.150.900
23/06/2023,3722.55,3950.0,3960.0,3940.0,3940.0,41.812.400
26/06/2023,3760.25,3990.0,3990.0,3940.0,3940.0,36.011.500
27/06/2023,3769.67,4000.0,4030.0,3990.0,4030.0,64.879.900
03/07/2023,3769.67,4000.0,4030.0,3970.0,4030.0,75.193.200
04/07/2023,3741.4,3970.0,4010.0,3970.0,4000.0,33.974.300
05/07/2023,3750.82,3980.0,3980.0,3950.0,3970.0,43.303.000
06/07/2023,3731.98,3960.0,3990.0,3960.0,3970.0,68.088.900
07/07/2023,3731.98,3960.0,3980.0,3950.0,3960.0,50.474.800
10/07/2023,3722.55,3950.0,3980.0,3940.0,3960.0,65.643.300
11/07/2023,3750.82,3980.0,3990.0,3950.0,3950.0,89.768.500
12/07/2023,3750.82,3980.0,4010.0,3970.0,3980.0,73.770.400
13/07/2023,3694.28,3920.0,3970.0,3910.0,3960.0,83.009.900
14/07/2023,3703.7,3930.0,3960.0,3920.0,3960.0,64.886.900
17/07/2023,3684.85,3910.0,3970.0,3910.0,3950.0,81.399.700
18/07/2023,3628.31,3850.0,3930.0,3820.0,3930.0,135.860.500
20/07/2023,3628.31,3850.0,3860.0,3810.0,3820.0,88.907.600
21/07/2023,3637.73,3860.0,3870.0,3840.0,3840.0,53.955.100
24/07/2023,3675.43,3900.0,3930.0,3870.0,3880.0,80.710.100
25/07/2023,3656.58,3880.0,3920.0,3880.0,3920.0,66.434.400
26/07/2023,3656.58,3880.0,3900.0,3830.0,3890.0,86.732.900
27/07/2023,3505.79,3720.0,3860.0,3720.0,3840.0,235.026.400
28/07/2023,3505.79,3720.0,3750.0,3690.0,3710.0,181.626.700
31/07/2023,3505.79,3720.0,3750.0,3670.0,3700.0,153.583.300
01/08/2023,3534.07,3750.0,3780.0,3700.0,3700.0,97.680.500
02/08/2023,3477.52,3690.0,3740.0,3680.0,3740.0,121.333.500
03/08/2023,3505.79,3720.0,3760.0,3670.0,3670.0,82.013.300
04/08/2023,3477.52,3690.0,3730.0,3690.0,3720.0,67.746.800
07/08/2023,3468.1,3680.0,3720.0,3680.0,3700.0,94.909.700
08/08/2023,3515.22,3730.0,3760.0,3680.0,3680.0,116.329.400
09/08/2023,3552.92,3770.0,3800.0,3740.0,3750.0,129.416.100
10/08/2023,3581.19,3800.0,3830.0,3800.0,3800.0,140.158.900
11/08/2023,3590.61,3810.0,3840.0,3790.0,3830.0,109.714.400
14/08/2023,3609.46,3830.0,3830.0,3760.0,3810.0,86.871.800
15/08/2023,3600.04,3820.0,3830.0,3800.0,3800.0,80.015.200
16/08/2023,3609.46,3830.0,3830.0,3750.0,3790.0,81.507.800
18/08/2023,3543.49,3760.0,3800.0,3760.0,3790.0,108.780.100
21/08/2023,3524.64,3740.0,3780.0,3720.0,3760.0,64.449.000
22/08/2023,3534.07,3750.0,3780.0,3730.0,3740.0,98.059.600
23/08/2023,3524.64,3740.0,3770.0,3730.0,3750.0,84.842.500
24/08/2023,3505.79,3720.0,3770.0,3720.0,3730.0,82.789.700
25/08/2023,3505.79,3720.0,3730.0,3700.0,3700.0,42.049.200
28/08/2023,3486.95,3700.0,3740.0,3700.0,3730.0,37.727.500
29/08/2023,3505.79,3720.0,3720.0,3700.0,3700.0,53.453.600
30/08/2023,3590.61,3810.0,3850.0,3720.0,3730.0,130.027.200
31/08/2023,3515.22,3730.0,3820.0,3700.0,3810.0,227.635.800
01/09/2023,3505.79,3720.0,3740.0,3710.0,3710.0,82.253.200
04/09/2023,3515.22,3730.0,3750.0,3710.0,3720.0,55.881.900
05/09/2023,3524.64,3740.0,3750.0,3710.0,3730.0,62.933.300
06/09/2023,3571.76,3790.0,3810.0,3740.0,3750.0,98.673.400
07/09/2023,3543.49,3760.0,3790.0,3730.0,3780.0,63.054.500
08/09/2023,3477.52,3690.0,3770.0,3670.0,3770.0,143.090.100
11/09/2023,3486.95,3700.0,3710.0,3680.0,3710.0,76.577.500
12/09/2023,3496.37,3710.0,3740.0,3700.0,3700.0,72.170.600
13/09/2023,3496.37,3710.0,3720.0,3670.0,3720.0,82.635.900
14/09/2023,3468.1,3680.0,3720.0,3680.0,3710.0,55.532.900
15/09/2023,3505.79,3720.0,3780.0,3670.0,3680.0,147.757.300
18/09/2023,3468.1,3680.0,3720.0,3680.0,3700.0,40.645.900
19/09/2023,3515.22,3730.0,3740.0,3690.0,3690.0,38.375.000
20/09/2023,3590.61,3810.0,3850.0,3740.0,3740.0,171.751.900
21/09/2023,3590.61,3810.0,3840.0,3790.0,3810.0,94.880.700
22/09/2023,3637.73,3860.0,3880.0,3810.0,3830.0,101.185.700
25/09/2023,3552.92,3770.0,3830.0,3770.0,3810.0,125.817.700
26/09/2023,3543.49,3760.0,3800.0,3750.0,3770.0,74.734.500
27/09/2023,3505.79,3720.0,3780.0,3720.0,3750.0,83.337.700
29/09/2023,3534.07,3750.0,3800.0,3730.0,3730.0,66.219.300
02/10/2023,3534.07,3750.0,3780.0,3730.0,3750.0,71.945.000
03/10/2023,3552.92,3770.0,3800.0,3740.0,3750.0,61.155.100
04/10/2023,3562.34,3780.0,3800.0,3740.0,3800.0,77.527.700
05/10/2023,3505.79,3720.0,3800.0,3720.0,3790.0,81.258.900
06/10/2023,3562.34,3780.0,3800.0,3770.0,3780.0,60.156.100
09/10/2023,3543.49,3760.0,3780.0,3750.0,3770.0,37.711.400
10/10/2023,3590.61,3810.0,3820.0,3770.0,3780.0,51.167.900
11/10/2023,3562.34,3780.0,3810.0,3780.0,3780.0,83.154.300
12/10/2023,3609.46,3830.0,3870.0,3800.0,3820.0,101.645.100
13/10/2023,3628.31,3850.0,3850.0,3810.0,3820.0,48.856.500
16/10/2023,3543.49,3760.0,3850.0,3740.0,3850.0,117.472.800
17/10/2023,3571.76,3790.0,3810.0,3770.0,3780.0,57.046.900
18/10/2023,3534.07,3750.0,3780.0,3730.0,3770.0,64.910.600
19/10/2023,3515.22,3730.0,3760.0,3720.0,3730.0,62.296.900
20/10/2023,3486.95,3700.0,3730.0,3690.0,3720.0,38.978.200
23/10/2023,3402.13,3610.0,3720.0,3610.0,3710.0,69.428.400
24/10/2023,3439.83,3650.0,3670.0,3600.0,3640.0,67.041.700
25/10/2023,3392.7,3600.0,3680.0,3580.0,3650.0,89.567.900
26/10/2023,3279.61,3480.0,3610.0,3460.0,3600.0,141.139.700
27/10/2023,3298.46,3500.0,3530.0,3440.0,3480.0,99.607.000
30/10/2023,3223.07,3420.0,3500.0,3390.0,3500.0,82.945.500
31/10/2023,3289.04,3490.0,3510.0,3400.0,3400.0,66.801.600
01/11/2023,3411.55,3620.0,3700.0,3600.0,3600.0,154.441.100
02/11/2023,3411.55,3620.0,3690.0,3620.0,3690.0,69.582.500
03/11/2023,3364.43,3570.0,3630.0,3540.0,3590.0,85.146.800
06/11/2023,3439.83,3650.0,3650.0,3600.0,3610.0,66.902.400
07/11/2023,3364.43,3570.0,3610.0,3550.0,3600.0,103.642.200
08/11/2023,3317.31,3520.0,3540.0,3500.0,3520.0,103.415.400
09/11/2023,3326.74,3530.0,3570.0,3500.0,3500.0,96.594.900
10/11/2023,3345.58,3550.0,3550.0,3490.0,3520.0,48.619.500
13/11/2023,3317.31,3520.0,3570.0,3510.0,3570.0,37.975.400
14/11/2023,3298.46,3500.0,3540.0,3500.0,3500.0,45.987.000
15/11/2023,3345.58,3550.0,3570.0,3520.0,3520.0,114.104.500
16/11/2023,3336.16,3540.0,3550.0,3510.0,3550.0,41.789.400
17/11/2023,3345.58,3550.0,3550.0,3480.0,3530.0,55.585.600
20/11/2023,3383.28,3590.0,3600.0,3540.0,3560.0,39.932.700
21/11/2023,3411.55,3620.0,3620.0,3580.0,3590.0,68.255.800
22/11/2023,3402.13,3610.0,3630.0,3590.0,3610.0,34.555.300
23/11/2023,3392.7,3600.0,3630.0,3590.0,3610.0,57.385.100
24/11/2023,3411.55,3620.0,3620.0,3570.0,3600.0,34.583.700
27/11/2023,3468.1,3680.0,3730.0,3640.0,3640.0,73.888.700
28/11/2023,3552.92,3770.0,3800.0,3680.0,3680.0,106.829.100
29/11/2023,3505.79,3720.0,3770.0,3700.0,3750.0,56.467.400
30/11/2023,3543.49,3760.0,3820.0,3740.0,3750.0,258.522.400
01/12/2023,3609.46,3830.0,3840.0,3790.0,3790.0,81.037.200
04/12/2023,3590.61,3810.0,3860.0,3780.0,3840.0,118.483.900
05/12/2023,3628.31,3850.0,3850.0,3800.0,3830.0,74.608.900
06/12/2023,3694.28,3920.0,3950.0,3870.0,3900.0,149.345.100
07/12/2023,3684.85,3910.0,3950.0,3880.0,3950.0,91.076.200
08/12/2023,3713.13,3940.0,3940.0,3900.0,3940.0,61.476.300
11/12/2023,3750.82,3980.0,3980.0,3850.0,3870.0,99.365.500
12/12/2023,3684.85,3910.0,3950.0,3890.0,3940.0,58.707.700
13/12/2023,3694.28,3920.0,3920.0,3870.0,3870.0,54.386.800
14/12/2023,3713.13,3940.0,3960.0,3880.0,3880.0,70.705.300
15/12/2023,3750.82,3980.0,3980.0,3900.0,3940.0,109.064.200
18/12/2023,3741.4,3970.0,3970.0,3930.0,3940.0,60.940.400
19/12/2023,3741.4,3970.0,3970.0,3940.0,3950.0,32.984.500
20/12/2023,3731.98,3960.0,3990.0,3960.0,3960.0,59.574.800
21/12/2023,3722.55,3950.0,3970.0,3930.0,3960.0,48.242.100
22/12/2023,3731.98,3960.0,3980.0,3950.0,3980.0,28.222.700
27/12/2023,3713.13,3940.0,4000.0,3920.0,3990.0,73.157.200
28/12/2023,3731.98,3960.0,3970.0,3940.0,3960.0,34.024.400
29/12/2023,3722.55,3950.0,3980.0,3940.0,3960.0,27.497.600
02/01/2024,3760.25,3990.0,3990.0,3940.0,3950.0,23.774.100
03/01/2024,3731.98,3960.0,3990.0,3950.0,3990.0,22.018.500
04/01/2024,3741.4,3970.0,3990.0,3960.0,3980.0,33.922.400
05/01/2024,3666.01,3890.0,3970.0,3880.0,3950.0,69.268.000
08/01/2024,3666.01,3890.0,3920.0,3860.0,3890.0,61.064.100
09/01/2024,3731.98,3960.0,3980.0,3920.0,3930.0,64.015.400
10/01/2024,3769.67,4000.0,4030.0,3980.0,4000.0,99.083.600
11/01/2024,3760.25,3990.0,4040.0,3990.0,4040.0,36.333.300
12/01/2024,3779.1,4010.0,4010.0,3970.0,3970.0,53.685.600
15/01/2024,3769.67,4000.0,4040.0,3980.0,4040.0,38.339.500
16/01/2024,3779.1,4010.0,4030.0,3980.0,4020.0,44.782.300
17/01/2024,3760.25,3990.0,4010.0,3970.0,4000.0,62.728.400
18/01/2024,3722.55,3950.0,4010.0,3930.0,3990.0,73.029.300
19/01/2024,3713.13,3940.0,3960.0,3890.0,3950.0,67.016.100
22/01/2024,3750.82,3980.0,4010.0,3960.0,3980.0,50.643.700
23/01/2024,3722.55,3950.0,4010.0,3910.0,4000.0,72.595.400
24/01/2024,3741.4,3970.0,3980.0,3930.0,3950.0,38.732.000
25/01/2024,3750.82,3980.0,4000.0,3960.0,3980.0,58.541.300
26/01/2024,3750.82,3980.0,3990.0,3930.0,3940.0,65.272.600
29/01/2024,3779.1,4010.0,4010.0,3970.0,4000.0,59.150.000
30/01/2024,3769.67,4000.0,4020.0,3980.0,4000.0,66.906.900
31/01/2024,3731.98,3960.0,4020.0,3960.0,4000.0,100.403.700
01/02/2024,3807.37,4040.0,4050.0,3970.0,3970.0,105.414.400
02/02/2024,3760.25,3990.0,4030.0,3930.0,4030.0,96.180.000
05/02/2024,3750.82,3980.0,4010.0,3970.0,4010.0,57.789.500
06/02/2024,3750.82,3980.0,4000.0,3970.0,3970.0,65.167.500
07/02/2024,3750.82,3980.0,4020.0,3980.0,4010.0,53.084.600
12/02/2024,3769.67,4000.0,4020.0,3970.0,4000.0,85.763.200
13/02/2024,3750.82,3980.0,4010.0,3980.0,4010.0,52.020.300
15/02/2024,3797.94,4030.0,4080.0,3980.0,4040.0,129.347.900
16/02/2024,3920.46,4160.0,4160.0,4050.0,4050.0,244.064.200
19/02/2024,3920.46,4160.0,4170.0,4130.0,4130.0,82.867.500
20/02/2024,3967.58,4210.0,4210.0,4160.0,4200.0,267.636.700
21/02/2024,3939.31,4180.0,4240.0,4070.0,4190.0,152.787.100
22/02/2024,3854.49,4090.0,4150.0,4070.0,4130.0,93.555.100
23/02/2024,3863.91,4100.0,4100.0,4040.0,4070.0,87.665.800
26/02/2024,3854.49,4090.0,4100.0,4050.0,4060.0,55.761.700
27/02/2024,3760.25,3990.0,4060.0,3990.0,4050.0,119.637.000
28/02/2024,3760.25,3990.0,4020.0,3950.0,3980.0,77.255.300
29/02/2024,3769.67,4000.0,4040.0,3950.0,4020.0,157.431.900
01/03/2024,3694.28,3920.0,3990.0,3860.0,3950.0,139.582.000
04/03/2024,3713.13,3940.0,3960.0,3900.0,3960.0,81.580.800
05/03/2024,3647.16,3870.0,3900.0,3860.0,3880.0,100.671.500
06/03/2024,3675.43,3900.0,3920.0,3860.0,3870.0,83.251.500
07/03/2024,3675.43,3900.0,3930.0,3900.0,3900.0,86.888.100
08/03/2024,3637.73,3860.0,3910.0,3840.0,3900.0,101.556.500
13/03/2024,3675.43,3900.0,3910.0,3890.0,3910.0,106.191.400
14/03/2024,3731.98,3960.0,3980.0,3920.0,3930.0,122.570.700
15/03/2024,3741.4,3970.0,4000.0,3900.0,4000.0,184.885.900
18/03/2024,3694.28,3920.0,3970.0,3920.0,3960.0,57.508.300
19/03/2024,3713.13,3940.0,3980.0,3940.0,3980.0,51.629.700
20/03/2024,3703.7,3930.0,3940.0,3910.0,3910.0,84.777.400
21/03/2024,3666.01,3890.0,3960.0,3890.0,3930.0,81.520.900
22/03/2024,3675.43,3900.0,3920.0,3890.0,3900.0,44.501.700
25/03/2024,3515.22,3730.0,3890.0,3700.0,3890.0,313.394.400
26/03/2024,3411.55,3620.0,3680.0,3610.0,3680.0,354.086.400
27/03/2024,3289.04,3490.0,3630.0,3490.0,3610.0,496.202.800
28/03/2024,3270.19,3470.0,3520.0,3430.0,3470.0,258.985.200
01/04/2024,3307.89,3510.0,3520.0,3420.0,3480.0,248.116.300
02/04/2024,3289.04,3490.0,3500.0,3410.0,3460.0,233.017.700
03/04/2024,3223.07,3420.0,3490.0,3420.0,3450.0,150.265.700
04/04/2024,3251.34,3450.0,3460.0,3410.0,3410.0,205.184.000
05/04/2024,3232.49,3430.0,3450.0,3420.0,3440.0,116.051.700
16/04/2024,3034.59,3220.0,3280.0,3150.0,3260.0,490.658.200
17/04/2024,3015.74,3200.0,3240.0,3200.0,3220.0,187.876.400
18/04/2024,3062.86,3250.0,3310.0,3110.0,3190.0,337.490.100
19/04/2024,2968.62,3150.0,3230.0,3130.0,3230.0,149.997.000
22/04/2024,2987.47,3170.0,3200.0,3130.0,3150.0,140.971.800
23/04/2024,2921.5,3100.0,3190.0,3080.0,3180.0,312.052.300
24/04/2024,2864.95,3040.0,3110.0,3040.0,3100.0,327.330.800
25/04/2024,2864.95,3040.0,3060.0,2990.0,3010.0,369.525.200
26/04/2024,2855.53,3030.0,3060.0,2960.0,2980.0,442.527.900
29/04/2024,2902.65,3080.0,3090.0,3010.0,3030.0,172.773.600
30/04/2024,2987.47,3170.0,3200.0,3110.0,3120.0,273.121.800
02/05/2024,2940.34,3120.0,3200.0,3120.0,3170.0,157.637.100
03/05/2024,2978.04,3160.0,3180.0,3120.0,3180.0,127.945.300
06/05/2024,2874.37,3050.0,3200.0,3040.0,3180.0,221.330.900
07/05/2024,2912.07,3090.0,3110.0,3060.0,3070.0,124.914.600
08/05/2024,2902.65,3080.0,3150.0,3050.0,3130.0,120.622.600
13/05/2024,2912.07,3090.0,3100.0,3040.0,3070.0,133.048.300
14/05/2024,2940.34,3120.0,3120.0,3080.0,3100.0,104.126.800
15/05/2024,2921.5,3100.0,3130.0,3070.0,3120.0,149.143.600
16/05/2024,3010.0,3010.0,3050.0,2960.0,2960.0,196.239.200
17/05/2024,2990.0,2990.0,3050.0,2980.0,3050.0,120.345.300
20/05/2024,2990.0,2990.0,3000.0,2950.0,2950.0,215.877.500
21/05/2024,2950.0,2950.0,2990.0,2920.0,2990.0,138.864.400
22/05/2024,2940.0,2940.0,2980.0,2910.0,2980.0,145.109.200
27/05/2024,2810.0,2810.0,2920.0,2780.0,2900.0,246.979.600
28/05/2024,2860.0,2860.0,2880.0,2810.0,2810.0,113.093.300
29/05/2024,2810.0,2810.0,2860.0,2810.0,2850.0,148.952.900
30/05/2024,2810.0,2810.0,2870.0,2720.0,2810.0,253.471.800
31/05/2024,2900.0,2900.0,2920.0,2810.0,2840.0,411.324.600
03/06/2024,2930.0,2930.0,2970.0,2900.0,2930.0,124.570.400
04/06/2024,3000.0,3000.0,3060.0,2940.0,2980.0,130.203.100
05/06/2024,3060.0,3060.0,3080.0,3000.0,3000.0,141.157.300
06/06/2024,3050.0,3050.0,3100.0,3030.0,3100.0,107.996.900
07/06/2024,3050.0,3050.0,3090.0,3050.0,3050.0,67.191.100
10/06/2024,3010.0,3010.0,3050.0,2980.0,3050.0,66.983.900
11/06/2024,2880.0,2880.0,2980.0,2880.0,2960.0,172.688.100
12/06/2024,2920.0,2920.0,2970.0,2890.0,2890.0,91.584.500
13/06/2024,2840.0,2840.0,2940.0,2830.0,2940.0,95.740.000
14/06/2024,2720.0,2720.0,2830.0,2700.0,2820.0,202.750.500
19/06/2024,2830.0,2830.0,2850.0,2760.0,2780.0,128.843.500
20/06/2024,2840.0,2840.0,2850.0,2800.0,2850.0,55.434.800
21/06/2024,2950.0,2950.0,2960.0,2840.0,2850.0,184.918.000
24/06/2024,2950.0,2950.0,2980.0,2910.0,2930.0,111.618.800
25/06/2024,2990.0,2990.0,2990.0,2930.0,2950.0,89.913.400
26/06/2024,3000.0,3000.0,3020.0,2980.0,2990.0,73.994.000
27/06/2024,3030.0,3030.0,3030.0,2990.0,3030.0,70.154.600
28/06/2024,3130.0,3130.0,3140.0,3030.0,3030.0,213.539.300
01/07/2024,3090.0,3090.0,3130.0,3080.0,3130.0,134.082.800
02/07/2024,3040.0,3040.0,3090.0,3030.0,3070.0,79.024.200
03/07/2024,3030.0,3030.0,3050.0,3020.0,3040.0,51.977.100
04/07/2024,2960.0,2960.0,3050.0,2960.0,3000.0,93.100.500
05/07/2024,3020.0,3020.0,3020.0,2960.0,2970.0,69.339.200
08/07/2024,3080.0,3080.0,3090.0,3000.0,3040.0,125.004.600
09/07/2024,3080.0,3080.0,3120.0,3040.0,3050.0,118.245.600
10/07/2024,3160.0,3160.0,3180.0,3090.0,3090.0,120.007.400
11/07/2024,3180.0,3180.0,3200.0,3160.0,3200.0,126.490.000
12/07/2024,3220.0,3220.0,3270.0,3210.0,3230.0,135.830.300
15/07/2024,3160.0,3160.0,3220.0,3130.0,3220.0,100.918.500
16/07/2024,3100.0,3100.0,3180.0,3090.0,3180.0,78.769.700
17/07/2024,3250.0,3250.0,3270.0,3160.0,3190.0,167.149.300
18/07/2024,3210.0,3210.0,3280.0,3190.0,3260.0,98.903.500
19/07/2024,3140.0,3140.0,3210.0,3120.0,3200.0,138.117.200
22/07/2024,3100.0,3100.0,3210.0,3090.0,3180.0,139.383.000
23/07/2024,3160.0,3160.0,3160.0,3100.0,3140.0,74.338.000
24/07/2024,3060.0,3060.0,3150.0,3040.0,3140.0,98.752.100
25/07/2024,3090.0,3090.0,3090.0,3030.0,3080.0,67.060.000
26/07/2024,3100.0,3100.0,3110.0,3060.0,3110.0,94.900.300
29/07/2024,3050.0,3050.0,3120.0,3040.0,3090.0,90.885.600
30/07/2024,2880.0,2880.0,3000.0,2880.0,3000.0,321.472.800
31/07/2024,2880.0,2880.0,2920.0,2840.0,2880.0,207.440.800
01/08/2024,2880.0,2880.0,2930.0,2880.0,2890.0,121.021.800
02/08/2024,2850.0,2850.0,2880.0,2820.0,2880.0,105.816.800
05/08/2024,2790.0,2790.0,2830.0,2760.0,2820.0,105.246.400
06/08/2024,2790.0,2790.0,2840.0,2790.0,2800.0,98.524.200
07/08/2024,2820.0,2820.0,2840.0,2790.0,2800.0,77.263.000
08/08/2024,2850.0,2850.0,2880.0,2800.0,2800.0,99.533.000
09/08/2024,2830.0,2830.0,2880.0,2830.0,2860.0,80.800.300
12/08/2024,2870.0,2870.0,2910.0,2840.0,2850.0,62.746.600
13/08/2024,2850.0,2850.0,2900.0,2840.0,2900.0,82.063.600
14/08/2024,2860.0,2860.0,2890.0,2850.0,2850.0,70.188.800
15/08/2024,2870.0,2870.0,2880.0,2820.0,2870.0,79.724.100
16/08/2024,2960.0,2960.0,2990.0,2900.0,2910.0,207.060.000
19/08/2024,2930.0,2930.0,2970.0,2910.0,2960.0,68.692.700
20/08/2024,2980.0,2980.0,3000.0,2960.0,2990.0,100.434.600
21/08/2024,2970.0,2970.0,3010.0,2960.0,2980.0,111.842.200
22/08/2024,2920.0,2920.0,2970.0,2920.0,2940.0,90.336.300
23/08/2024,2950.0,2950.0,3010.0,2950.0,2970.0,86.092.500
26/08/2024,2980.0,2980.0,2990.0,2930.0,2940.0,88.941.900
27/08/2024,2990.0,2990.0,3000.0,2950.0,2990.0,71.223.800
28/08/2024,2980.0,2980.0,3000.0,2960.0,3000.0,68.736.300
29/08/2024,3030.0,3030.0,3080.0,2980.0,2980.0,160.714.800
30/08/2024,3060.0,3060.0,3070.0,3010.0,3030.0,195.809.000
02/09/2024,3140.0,3140.0,3150.0,3080.0,3090.0,118.928.500
03/09/2024,3080.0,3080.0,3150.0,3080.0,3140.0,82.172.000
04/09/2024,3080.0,3080.0,3100.0,3040.0,3060.0,81.041.700
05/09/2024,3020.0,3020.0,3090.0,3020.0,3080.0,78.989.400
06/09/2024,3040.0,3040.0,3050.0,3010.0,3010.0,82.391.200
09/09/2024,3030.0,3030.0,3080.0,3000.0,3050.0,69.264.400
10/09/2024,3030.0,3030.0,3060.0,3020.0,3060.0,46.436.100
11/09/2024,3040.0,3040.0,3050.0,3020.0,3030.0,62.899.600
12/09/2024,3050.0,3050.0,3070.0,3050.0,3060.0,85.785.000
13/09/2024,3110.0,3110.0,3120.0,3070.0,3080.0,125.032.200
17/09/2024,3090.0,3090.0,3130.0,3080.0,3120.0,56.181.000
18/09/2024,3120.0,3120.0,3130.0,3100.0,3120.0,87.120.700
19/09/2024,3140.0,3140.0,3150.0,3120.0,3140.0,130.418.300
20/09/2024,3150.0,3150.0,3170.0,3120.0,3150.0,152.477.400
23/09/2024,3170.0,3170.0,3180.0,3130.0,3150.0,82.274.400
24/09/2024,3160.0,3160.0,3180.0,3150.0,3180.0,92.256.900
25/09/2024,3190.0,3190.0,3190.0,3060.0,3100.0,215.241.700
26/09/2024,3170.0,3170.0,3180.0,3120.0,3170.0,120.042.500
27/09/2024,3050.0,3050.0,3140.0,3010.0,3130.0,291.217.300
30/09/2024,2990.0,2990.0,3030.0,2990.0,3030.0,150.844.800
01/10/2024,3020.0,3020.0,3040.0,2990.0,2990.0,77.208.500
02/10/2024,2920.0,2920.0,2980.0,2920.0,2950.0,124.629.400
03/10/2024,2890.0,2890.0,2950.0,2890.0,2950.0,92.510.900
04/10/2024,2880.0,2880.0,2930.0,2860.0,2900.0,76.757.200
07/10/2024,2900.0,2900.0,2910.0,2870.0,2910.0,84.507.100
08/10/2024,2990.0,2990.0,2990.0,2870.0,2890.0,135.357.200
09/10/2024,2960.0,2960.0,3010.0,2960.0,2980.0,69.435.900
10/10/2024,2950.0,2950.0,2980.0,2940.0,2960.0,57.867.000
11/10/2024,2940.0,2940.0,3000.0,2920.0,3000.0,40.454.300
14/10/2024,2900.0,2900.0,2970.0,2900.0,2930.0,66.631.500
15/10/2024,2940.0,2940.0,2970.0,2910.0,2920.0,74.529.600
16/10/2024,3000.0,3000.0,3000.0,2930.0,2970.0,163.988.000
17/10/2024,3040.0,3040.0,3060.0,2980.0,3000.0,107.040.100
18/10/2024,3100.0,3100.0,3130.0,3040.0,3050.0,138.783.600
21/10/2024,3100.0,3100.0,3130.0,3060.0,3100.0,92.240.300
22/10/2024,3010.0,3010.0,3070.0,3010.0,3060.0,93.662.500
23/10/2024,2940.0,2940.0,2980.0,2930.0,2940.0,99.423.700
24/10/2024,2900.0,2900.0,2960.0,2900.0,2940.0,72.559.000
25/10/2024,2910.0,2910.0,2950.0,2900.0,2900.0,50.694.200
28/10/2024,2920.0,2920.0,2940.0,2900.0,2920.0,38.720.700
29/10/2024,2900.0,2900.0,2930.0,2880.0,2910.0,67.727.500
30/10/2024,2900.0,2900.0,2900.0,2850.0,2880.0,123.573.100
31/10/2024,2820.0,2820.0,2870.0,2820.0,2860.0,139.590.300
01/11/2024,2780.0,2780.0,2840.0,2760.0,2820.0,99.364.500
04/11/2024,2800.0,2800.0,2810.0,2750.0,2780.0,63.112.300
05/11/2024,2770.0,2770.0,2810.0,2730.0,2800.0,96.721.100
06/11/2024,2740.0,2740.0,2800.0,2740.0,2780.0,66.808.900